Date,High,Low,Open,Close,Volume,Adj Close
2015-01-05,3455.0,3380.0,3425.0,3430.0,1577400.0,2921.59375
2015-01-06,3410.0,3325.0,3380.0,3345.0,1954800.0,2849.193115234375
2015-01-07,3455.0,3355.0,3355.0,3390.0,2745000.0,2887.522705078125
2015-01-08,3485.0,3425.0,3435.0,3430.0,2447000.0,2921.59375
2015-01-09,3520.0,3445.0,3455.0,3470.0,3247400.0,2955.6650390625
2015-01-13,3450.0,3360.0,3435.0,3420.0,2183400.0,2913.076416015625
2015-01-14,3405.0,3325.0,3385.0,3340.0,2093400.0,2844.93408203125
2015-01-15,3515.0,3380.0,3385.0,3495.0,3181000.0,2976.95947265625
2015-01-16,3500.0,3445.0,3450.0,3490.0,2408800.0,2972.700439453125
2015-01-19,3540.0,3455.0,3515.0,3480.0,1603400.0,2964.182861328125
2015-01-20,3545.0,3490.0,3515.0,3510.0,1484200.0,2989.735595703125
2015-01-21,3500.0,3450.0,3495.0,3500.0,1398200.0,2981.21826171875
2015-01-22,3510.0,3455.0,3510.0,3475.0,1084600.0,2959.924072265625
2015-01-23,3495.0,3410.0,3495.0,3470.0,1788600.0,2955.6650390625
2015-01-26,3455.0,3425.0,3425.0,3450.0,661000.0,2938.629150390625
2015-01-27,3515.0,3445.0,3455.0,3510.0,1364400.0,2989.735595703125
2015-01-28,3500.0,3455.0,3480.0,3485.0,1516800.0,2968.44140625
2015-01-29,3510.0,3450.0,3470.0,3460.0,1258800.0,2947.147216796875
2015-01-30,3495.0,3435.0,3485.0,3435.0,1472200.0,2925.852783203125
2015-02-02,3425.0,3360.0,3400.0,3400.0,1454600.0,2896.04052734375
2015-02-03,3450.0,3365.0,3420.0,3375.0,1242000.0,2874.745849609375
2015-02-04,3425.0,3365.0,3400.0,3390.0,1247800.0,2887.522705078125
2015-02-05,3450.0,3355.0,3400.0,3360.0,2277600.0,2861.969482421875
2015-02-06,3395.0,3335.0,3380.0,3345.0,1341800.0,2849.193115234375
2015-02-09,3390.0,3325.0,3365.0,3355.0,1598000.0,2857.71044921875
2015-02-10,3410.0,3250.0,3370.0,3295.0,3585800.0,2806.603515625
2015-02-12,3345.0,3240.0,3320.0,3260.0,3666600.0,2776.7919921875
2015-02-13,3305.0,3245.0,3255.0,3270.0,1908200.0,2785.309814453125
2015-02-16,3315.0,3275.0,3300.0,3300.0,1308400.0,2810.863037109375
2015-02-17,3365.0,3305.0,3310.0,3355.0,1355000.0,2857.71044921875
2015-02-18,3430.0,3380.0,3380.0,3410.0,2001800.0,2904.558837890625
2015-02-19,3455.0,3395.0,3395.0,3445.0,1657000.0,2934.370849609375
2015-02-20,3500.0,3415.0,3440.0,3500.0,1823200.0,2981.21826171875
2015-02-23,3610.0,3520.0,3525.0,3600.0,3393400.0,3066.396240234375
2015-02-24,3610.0,3555.0,3575.0,3600.0,1859800.0,3066.396240234375
2015-02-25,3645.0,3585.0,3625.0,3605.0,2562400.0,3070.65478515625
2015-02-26,3615.0,3570.0,3595.0,3615.0,1715200.0,3079.17236328125
2015-02-27,3645.0,3605.0,3620.0,3610.0,1578200.0,3074.91357421875
2015-03-02,3505.0,3435.0,3495.0,3490.0,4123400.0,2972.700439453125
2015-03-03,3550.0,3480.0,3490.0,3515.0,2218200.0,2993.994873046875
2015-03-04,3500.0,3445.0,3490.0,3485.0,1266000.0,2968.44140625
2015-03-05,3490.0,3455.0,3480.0,3465.0,992600.0,2951.406005859375
2015-03-06,3495.0,3425.0,3495.0,3425.0,1642200.0,2917.335205078125
2015-03-09,3430.0,3380.0,3420.0,3395.0,1342400.0,2891.78173828125
2015-03-10,3425.0,3365.0,3420.0,3400.0,1328600.0,2896.04052734375
2015-03-11,3475.0,3360.0,3360.0,3435.0,1503600.0,2925.852783203125
2015-03-12,3450.0,3420.0,3445.0,3430.0,1374000.0,2921.59375
2015-03-13,3450.0,3410.0,3450.0,3415.0,2219800.0,2908.816650390625
2015-03-16,3440.0,3385.0,3415.0,3390.0,1418200.0,2887.522705078125
2015-03-17,3475.0,3405.0,3425.0,3460.0,1747400.0,2947.147216796875
2015-03-18,3490.0,3435.0,3460.0,3475.0,1271800.0,2959.924072265625
2015-03-19,3480.0,3415.0,3475.0,3445.0,1400600.0,2934.370849609375
2015-03-20,3455.0,3410.0,3450.0,3430.0,1416200.0,2921.59375
2015-03-23,3430.0,3400.0,3420.0,3420.0,1185200.0,2913.076416015625
2015-03-24,3505.0,3415.0,3415.0,3505.0,2501400.0,2985.477294921875
2015-03-25,3605.0,3530.0,3530.0,3575.0,3298000.0,3045.101806640625
2015-03-26,3590.0,3525.0,3560.0,3570.0,2088600.0,3040.842529296875
2015-03-27,3620.0,3470.0,3555.0,3500.0,3469600.0,3002.24267578125
2015-03-30,3465.0,3380.0,3460.0,3450.0,2252800.0,2959.35302734375
2015-03-31,3485.0,3390.0,3480.0,3395.0,2291800.0,2912.17529296875
2015-04-01,3420.0,3330.0,3370.0,3395.0,3030400.0,2912.17529296875
2015-04-02,3420.0,3370.0,3410.0,3405.0,1910800.0,2920.7529296875
2015-04-03,3420.0,3375.0,3410.0,3385.0,1351000.0,2903.59716796875
2015-04-06,3365.0,3330.0,3365.0,3360.0,1160200.0,2882.15283203125
2015-04-07,3385.0,3345.0,3380.0,3370.0,1935000.0,2890.73046875
2015-04-08,3400.0,3355.0,3375.0,3370.0,1701400.0,2890.73046875
2015-04-09,3380.0,3330.0,3380.0,3340.0,1925000.0,2864.9970703125
2015-04-10,3365.0,3335.0,3355.0,3335.0,1652600.0,2860.708251953125
2015-04-13,3370.0,3315.0,3335.0,3355.0,1669600.0,2877.86376953125
2015-04-14,3370.0,3340.0,3350.0,3365.0,1523400.0,2886.44189453125
2015-04-15,3435.0,3370.0,3370.0,3425.0,2158200.0,2937.908935546875
2015-04-16,3430.0,3360.0,3430.0,3405.0,1856600.0,2920.7529296875
2015-04-17,3420.0,3370.0,3405.0,3370.0,1364600.0,2890.73046875
2015-04-20,3390.0,3340.0,3360.0,3370.0,1196800.0,2890.73046875
2015-04-21,3410.0,3370.0,3380.0,3405.0,1502200.0,2920.7529296875
2015-04-22,3535.0,3435.0,3525.0,3485.0,5190600.0,2989.375732421875
2015-04-23,3515.0,3440.0,3515.0,3500.0,2409400.0,3002.24267578125
2015-04-24,3600.0,3500.0,3510.0,3555.0,4114200.0,3049.420654296875
2015-04-27,3565.0,3505.0,3555.0,3545.0,1502600.0,3040.8427734375
2015-04-28,3565.0,3495.0,3530.0,3500.0,1952000.0,3002.24267578125
2015-04-30,3490.0,3435.0,3475.0,3475.0,1997400.0,2980.798095703125
2015-05-01,3495.0,3430.0,3455.0,3490.0,1404600.0,2993.664306640625
2015-05-07,3440.0,3395.0,3425.0,3415.0,1716800.0,2929.33056640625
2015-05-08,3430.0,3390.0,3400.0,3410.0,1299000.0,2925.042236328125
2015-05-11,3490.0,3370.0,3470.0,3410.0,2260200.0,2925.042236328125
2015-05-12,3465.0,3395.0,3415.0,3460.0,1841800.0,2967.93115234375
2015-05-13,3475.0,3430.0,3440.0,3455.0,1550400.0,2963.64208984375
2015-05-14,3430.0,3360.0,3425.0,3375.0,2971400.0,2895.01904296875
2015-05-15,3385.0,3355.0,3385.0,3380.0,1274000.0,2899.308349609375
2015-05-18,3400.0,3370.0,3385.0,3395.0,983400.0,2912.17529296875
2015-05-19,3415.0,3390.0,3405.0,3400.0,1068800.0,2916.464111328125
2015-05-20,3425.0,3385.0,3425.0,3410.0,1542600.0,2925.042236328125
2015-05-21,3420.0,3380.0,3415.0,3390.0,1138200.0,2907.885986328125
2015-05-22,3400.0,3385.0,3390.0,3390.0,772200.0,2907.885986328125
2015-05-25,3400.0,3370.0,3390.0,3385.0,1010200.0,2903.59716796875
2015-05-26,3395.0,3370.0,3385.0,3390.0,741800.0,2907.885986328125
2015-05-27,3395.0,3365.0,3375.0,3395.0,1286600.0,2912.17529296875
2015-05-28,3410.0,3380.0,3400.0,3390.0,1079400.0,2907.885986328125
2015-05-29,3420.0,3375.0,3380.0,3395.0,1852800.0,2912.17529296875
2015-06-01,3430.0,3365.0,3365.0,3430.0,1708200.0,2942.197265625
2015-06-02,3465.0,3420.0,3430.0,3425.0,1296400.0,2937.908935546875
2015-06-03,3485.0,3425.0,3430.0,3470.0,1608400.0,2976.509033203125
2015-06-04,3500.0,3465.0,3500.0,3490.0,1394200.0,2993.664306640625
2015-06-05,3475.0,3440.0,3470.0,3470.0,930400.0,2976.509033203125
2015-06-08,3495.0,3455.0,3475.0,3485.0,1212800.0,2989.375732421875
2015-06-09,3465.0,3415.0,3455.0,3430.0,1198800.0,2942.197265625
2015-06-10,3485.0,3435.0,3445.0,3445.0,1614200.0,2955.064453125
2015-06-11,3540.0,3470.0,3480.0,3520.0,2261000.0,3019.397705078125
2015-06-12,3585.0,3540.0,3550.0,3555.0,3002400.0,3049.420654296875
2015-06-15,3550.0,3500.0,3550.0,3520.0,904000.0,3019.397705078125
2015-06-16,3555.0,3500.0,3500.0,3540.0,1264200.0,3036.5537109375
2015-06-17,3595.0,3550.0,3555.0,3555.0,1763600.0,3049.420654296875
2015-06-18,3545.0,3495.0,3540.0,3495.0,907600.0,2997.953369140625
2015-06-19,3525.0,3495.0,3505.0,3510.0,861000.0,3010.81982421875
2015-06-22,3600.0,3530.0,3540.0,3600.0,1879200.0,3088.02099609375
2015-06-23,3605.0,3570.0,3595.0,3590.0,1590400.0,3079.44287109375
2015-06-24,3585.0,3530.0,3580.0,3540.0,1311000.0,3036.5537109375
2015-06-25,3580.0,3535.0,3545.0,3555.0,1079000.0,3049.420654296875
2015-06-26,3570.0,3515.0,3570.0,3540.0,758000.0,3036.5537109375
2015-06-29,3545.0,3465.0,3495.0,3515.0,1738000.0,3015.10888671875
2015-06-30,3570.0,3500.0,3535.0,3515.0,1652200.0,3015.10888671875
2015-07-01,3600.0,3520.0,3535.0,3590.0,1638000.0,3079.44287109375
2015-07-02,3715.0,3625.0,3625.0,3685.0,3051400.0,3160.932373046875
2015-07-03,3690.0,3610.0,3670.0,3685.0,2009200.0,3160.932373046875
2015-07-06,3670.0,3605.0,3640.0,3625.0,1805000.0,3109.46533203125
2015-07-07,3695.0,3645.0,3675.0,3645.0,1325800.0,3126.620849609375
2015-07-08,3665.0,3550.0,3660.0,3555.0,2013600.0,3049.420654296875
2015-07-09,3535.0,3370.0,3490.0,3535.0,2600400.0,3032.264892578125
2015-07-10,3620.0,3540.0,3555.0,3575.0,2215400.0,3066.576416015625
2015-07-13,3630.0,3570.0,3600.0,3620.0,1060800.0,3105.176513671875
2015-07-14,3660.0,3615.0,3655.0,3630.0,1167000.0,3113.75390625
2015-07-15,3670.0,3620.0,3630.0,3655.0,1257400.0,3135.198974609375
2015-07-16,3685.0,3610.0,3650.0,3660.0,1470000.0,3139.488037109375
2015-07-17,3670.0,3640.0,3655.0,3650.0,644600.0,3130.90966796875
2015-07-21,3680.0,3625.0,3635.0,3665.0,822400.0,3143.776611328125
2015-07-22,3660.0,3630.0,3660.0,3635.0,792600.0,3118.043212890625
2015-07-23,3665.0,3630.0,3650.0,3640.0,511800.0,3122.33203125
2015-07-24,3640.0,3615.0,3640.0,3625.0,866000.0,3109.46533203125
2015-07-27,3625.0,3555.0,3615.0,3575.0,900200.0,3066.576416015625
2015-07-28,3610.0,3530.0,3545.0,3590.0,1310200.0,3079.44287109375
2015-07-29,3630.0,3595.0,3620.0,3610.0,852400.0,3096.5986328125
2015-07-30,3645.0,3590.0,3630.0,3600.0,1057600.0,3088.02099609375
2015-07-31,3650.0,3605.0,3615.0,3645.0,993000.0,3126.620849609375
2015-08-03,3660.0,3595.0,3650.0,3610.0,961800.0,3096.5986328125
2015-08-04,3640.0,3565.0,3600.0,3635.0,1487400.0,3118.043212890625
2015-08-05,3805.0,3660.0,3665.0,3765.0,4208200.0,3229.555419921875
2015-08-06,3915.0,3705.0,3900.0,3795.0,5529200.0,3255.28857421875
2015-08-07,3940.0,3855.0,3895.0,3905.0,3177400.0,3349.64501953125
2015-08-10,4100.0,3890.0,3900.0,4075.0,3605000.0,3495.468017578125
2015-08-11,4125.0,3995.0,4090.0,4055.0,2515800.0,3478.312255859375
2015-08-12,4175.0,4055.0,4065.0,4100.0,2846800.0,3516.91259765625
2015-08-13,4245.0,4110.0,4110.0,4185.0,3208800.0,3589.82421875
2015-08-14,4215.0,4140.0,4185.0,4190.0,1651600.0,3594.11328125
2015-08-17,4240.0,4165.0,4200.0,4235.0,1377600.0,3632.713134765625
2015-08-18,4280.0,4210.0,4255.0,4230.0,1463600.0,3628.424072265625
2015-08-19,4245.0,4155.0,4195.0,4155.0,1671400.0,3564.090576171875
2015-08-20,4220.0,4125.0,4150.0,4140.0,1437000.0,3551.22412109375
2015-08-21,4115.0,4025.0,4030.0,4055.0,2040200.0,3478.312255859375
2015-08-24,4040.0,3800.0,3970.0,3800.0,3458000.0,3259.57763671875
2015-08-25,3895.0,3600.0,3680.0,3690.0,3728600.0,3165.221435546875
2015-08-26,3835.0,3715.0,3740.0,3825.0,2488800.0,3281.022216796875
2015-08-27,3975.0,3850.0,3900.0,3935.0,2691800.0,3375.378662109375
2015-08-28,4135.0,4040.0,4130.0,4090.0,3664600.0,3508.334716796875
2015-08-31,4150.0,4060.0,4115.0,4110.0,2549600.0,3525.490234375
2015-09-01,4140.0,4025.0,4095.0,4025.0,2570400.0,3452.578857421875
2015-09-02,4090.0,3915.0,3955.0,3975.0,3038800.0,3409.689697265625
2015-09-03,4075.0,3960.0,4040.0,3980.0,1619800.0,3413.978759765625
2015-09-04,4015.0,3860.0,4015.0,3915.0,1761600.0,3358.22265625
2015-09-07,3930.0,3805.0,3910.0,3860.0,2297800.0,3311.0439453125
2015-09-08,3950.0,3700.0,3935.0,3730.0,2742000.0,3199.5322265625
2015-09-09,3920.0,3790.0,3875.0,3920.0,2315400.0,3362.511962890625
2015-09-10,3980.0,3800.0,3830.0,3970.0,1676000.0,3405.400390625
2015-09-11,3980.0,3905.0,3910.0,3925.0,1855200.0,3366.800537109375
2015-09-14,4015.0,3930.0,3965.0,3945.0,1415600.0,3383.95654296875
2015-09-15,3965.0,3825.0,3960.0,3825.0,1433000.0,3281.022216796875
2015-09-16,3860.0,3755.0,3855.0,3775.0,1776400.0,3238.13330078125
2015-09-17,3890.0,3775.0,3830.0,3865.0,1403000.0,3315.333251953125
2015-09-18,3880.0,3805.0,3820.0,3830.0,1668800.0,3285.31103515625
2015-09-24,3815.0,3735.0,3780.0,3735.0,1486600.0,3203.821533203125
2015-09-25,3845.0,3740.0,3770.0,3845.0,1503200.0,3298.17724609375
2015-09-28,3940.0,3855.0,3870.0,3900.0,1568400.0,3367.24951171875
2015-09-29,3935.0,3805.0,3860.0,3830.0,2119000.0,3306.811767578125
2015-09-30,3905.0,3765.0,3845.0,3890.0,1788400.0,3358.615234375
2015-10-01,3890.0,3715.0,3890.0,3755.0,2985600.0,3242.056884765625
2015-10-02,3820.0,3735.0,3755.0,3770.0,1367400.0,3255.0078125
2015-10-05,3800.0,3720.0,3795.0,3740.0,1530000.0,3229.10595703125
2015-10-06,3785.0,3695.0,3775.0,3720.0,2184600.0,3211.838134765625
2015-10-07,3765.0,3680.0,3740.0,3745.0,1814800.0,3233.423095703125
2015-10-08,3770.0,3690.0,3725.0,3740.0,1312000.0,3229.10595703125
2015-10-09,4020.0,3725.0,3765.0,4010.0,5192000.0,3462.223388671875
2015-10-13,4175.0,4035.0,4050.0,4085.0,3940800.0,3526.978271484375
2015-10-14,4125.0,3970.0,4055.0,3985.0,2126200.0,3440.638427734375
2015-10-15,4085.0,3975.0,4015.0,4055.0,1656200.0,3501.075927734375
2015-10-16,4115.0,3945.0,4080.0,3975.0,1993400.0,3432.00439453125
2015-10-19,4060.0,3915.0,3965.0,4005.0,1427200.0,3457.906494140625
2015-10-20,4035.0,3920.0,4015.0,3950.0,1385800.0,3410.419921875
2015-10-21,4040.0,3920.0,3920.0,4010.0,1622600.0,3462.223388671875
2015-10-22,4035.0,3895.0,3975.0,3920.0,2115200.0,3384.517822265625
2015-10-23,4000.0,3845.0,3995.0,3885.0,4229000.0,3354.298583984375
2015-10-26,4025.0,3935.0,3960.0,3950.0,2703400.0,3410.419921875
2015-10-27,3955.0,3900.0,3945.0,3920.0,1359400.0,3384.517822265625
2015-10-28,3980.0,3905.0,3920.0,3950.0,1466800.0,3410.419921875
2015-10-29,3965.0,3895.0,3950.0,3900.0,1336000.0,3367.24951171875
2015-10-30,3975.0,3875.0,3890.0,3950.0,1994600.0,3410.419921875
2015-11-02,3915.0,3825.0,3900.0,3835.0,1628800.0,3311.128662109375
2015-11-04,3875.0,3665.0,3875.0,3690.0,3152800.0,3185.936279296875
2015-11-05,3765.0,3650.0,3700.0,3725.0,1839800.0,3216.1552734375
2015-11-06,3795.0,3720.0,3740.0,3785.0,1624800.0,3267.958984375
2015-11-09,3940.0,3825.0,3845.0,3885.0,3637800.0,3354.298583984375
2015-11-10,3895.0,3825.0,3855.0,3860.0,1827000.0,3332.713134765625
2015-11-11,3935.0,3860.0,3870.0,3890.0,1690600.0,3358.615234375
2015-11-12,3955.0,3890.0,3890.0,3915.0,1564200.0,3380.200439453125
2015-11-13,3895.0,3830.0,3875.0,3890.0,1979400.0,3358.615234375
2015-11-16,3895.0,3810.0,3815.0,3870.0,1159400.0,3341.34765625
2015-11-17,3935.0,3890.0,3900.0,3920.0,1387800.0,3384.517822265625
2015-11-18,3925.0,3850.0,3920.0,3860.0,1321800.0,3332.713134765625
2015-11-19,3900.0,3845.0,3895.0,3865.0,1363600.0,3337.031005859375
2015-11-20,3895.0,3845.0,3875.0,3895.0,986800.0,3362.93212890625
2015-11-24,3940.0,3870.0,3880.0,3930.0,1008400.0,3393.15185546875
2015-11-25,3940.0,3875.0,3940.0,3890.0,913800.0,3358.615234375
2015-11-26,3925.0,3890.0,3920.0,3915.0,919200.0,3380.200439453125
2015-11-27,3925.0,3850.0,3910.0,3860.0,1029200.0,3332.713134765625
2015-11-30,3870.0,3795.0,3860.0,3795.0,1306000.0,3276.593017578125
2015-12-01,3895.0,3810.0,3815.0,3895.0,1306600.0,3362.93212890625
2015-12-02,4075.0,3925.0,3925.0,4045.0,3830000.0,3492.4423828125
2015-12-03,4090.0,4005.0,4030.0,4030.0,1480000.0,3479.49072265625
2015-12-04,3995.0,3955.0,3980.0,3970.0,1183200.0,3427.68701171875
2015-12-07,4050.0,3985.0,4000.0,3995.0,1201200.0,3449.272216796875
2015-12-08,4010.0,3940.0,4010.0,3950.0,1155800.0,3410.419921875
2015-12-09,3970.0,3925.0,3955.0,3930.0,1223400.0,3393.15185546875
2015-12-10,3985.0,3930.0,3940.0,3950.0,1227600.0,3410.419921875
2015-12-11,3990.0,3955.0,3960.0,3980.0,1494200.0,3436.321533203125
2015-12-14,3970.0,3885.0,3895.0,3940.0,1609600.0,3401.785400390625
2015-12-15,3965.0,3900.0,3920.0,3915.0,2804400.0,3380.200439453125
2015-12-16,4025.0,3960.0,3975.0,4025.0,1750200.0,3475.17431640625
2015-12-17,4100.0,4045.0,4060.0,4090.0,2035400.0,3531.295166015625
2015-12-18,4095.0,3980.0,4055.0,3985.0,2317200.0,3440.638427734375
2015-12-21,4065.0,4000.0,4020.0,4030.0,1975200.0,3479.49072265625
2015-12-22,4205.0,4095.0,4100.0,4095.0,5819200.0,3535.612548828125
2015-12-24,4135.0,3955.0,4135.0,3970.0,2719200.0,3427.68701171875
2015-12-25,3970.0,3970.0,3970.0,3970.0,0.0,3427.68701171875
2015-12-28,3970.0,3905.0,3965.0,3960.0,933000.0,3419.05322265625
2015-12-29,4020.0,3920.0,3970.0,4010.0,1063000.0,3462.223388671875
2015-12-30,4040.0,3985.0,4030.0,4000.0,791600.0,3453.58935546875
2016-01-04,3995.0,3895.0,3935.0,3905.0,1398200.0,3371.566650390625
2016-01-05,3935.0,3865.0,3890.0,3885.0,1236800.0,3354.298583984375
2016-01-06,3935.0,3845.0,3905.0,3870.0,1364600.0,3341.34765625
2016-01-07,3890.0,3800.0,3860.0,3805.0,1678800.0,3285.2265625
2016-01-08,3825.0,3730.0,3755.0,3745.0,1839200.0,3233.423095703125
2016-01-12,3730.0,3590.0,3700.0,3600.0,2110600.0,3108.23046875
2016-01-13,3725.0,3640.0,3645.0,3715.0,1476000.0,3207.521240234375
2016-01-14,3635.0,3560.0,3635.0,3625.0,1863600.0,3129.8154296875
2016-01-15,3690.0,3570.0,3675.0,3575.0,1661600.0,3086.6455078125
2016-01-18,3555.0,3465.0,3505.0,3530.0,1883200.0,3047.79248046875
2016-01-19,3560.0,3490.0,3535.0,3525.0,1662800.0,3043.4755859375
2016-01-20,3530.0,3330.0,3530.0,3350.0,2868600.0,2892.381103515625
2016-01-21,3400.0,3225.0,3355.0,3225.0,3176400.0,2784.45654296875
2016-01-22,3385.0,3285.0,3325.0,3380.0,1918200.0,2918.282958984375
2016-01-25,3440.0,3360.0,3435.0,3410.0,1973400.0,2944.18505859375
2016-01-26,3415.0,3340.0,3380.0,3380.0,1600200.0,2918.282958984375
2016-01-27,3520.0,3425.0,3445.0,3495.0,2342200.0,3017.573486328125
2016-01-28,3585.0,3430.0,3465.0,3540.0,2123400.0,3056.42626953125
2016-01-29,3745.0,3515.0,3625.0,3725.0,4473600.0,3216.1552734375
2016-02-01,3900.0,3820.0,3850.0,3865.0,2342200.0,3337.031005859375
2016-02-02,3925.0,3830.0,3835.0,3875.0,1645200.0,3345.66455078125
2016-02-03,3850.0,3740.0,3820.0,3790.0,1961600.0,3272.27587890625
2016-02-04,3835.0,3750.0,3760.0,3800.0,1579800.0,3280.91015625
2016-02-05,3760.0,3660.0,3745.0,3710.0,1475000.0,3203.204345703125
2016-02-08,3780.0,3625.0,3650.0,3745.0,2151600.0,3233.423095703125
2016-02-09,3755.0,3605.0,3605.0,3710.0,2985400.0,3203.204345703125
2016-02-10,3880.0,3580.0,3800.0,3670.0,3530400.0,3168.668212890625
2016-02-12,3580.0,3385.0,3535.0,3480.0,3795200.0,3004.622802734375
2016-02-15,3815.0,3610.0,3655.0,3775.0,2810600.0,3259.3251953125
2016-02-16,3795.0,3685.0,3720.0,3695.0,2216200.0,3190.253173828125
2016-02-17,3720.0,3480.0,3695.0,3555.0,2446200.0,3069.377685546875
2016-02-18,3635.0,3485.0,3625.0,3490.0,3113200.0,3013.2568359375
2016-02-19,3480.0,3390.0,3450.0,3445.0,1949200.0,2974.404052734375
2016-02-22,3510.0,3415.0,3420.0,3460.0,1175000.0,2987.354736328125
2016-02-23,3525.0,3380.0,3490.0,3395.0,1548800.0,2931.234130859375
2016-02-24,3415.0,3345.0,3360.0,3405.0,1411600.0,2939.867919921875
2016-02-25,3585.0,3430.0,3435.0,3555.0,2465000.0,3069.377685546875
2016-02-26,3595.0,3500.0,3580.0,3510.0,1579800.0,3030.5244140625
2016-02-29,3530.0,3420.0,3525.0,3420.0,1786800.0,2952.819091796875
2016-03-01,3485.0,3390.0,3395.0,3470.0,1756400.0,2995.989013671875
2016-03-02,3550.0,3500.0,3540.0,3520.0,1901200.0,3039.158447265625
2016-03-03,3535.0,3470.0,3500.0,3510.0,2037600.0,3030.5244140625
2016-03-04,3560.0,3490.0,3530.0,3560.0,1467800.0,3073.69482421875
2016-03-07,3585.0,3535.0,3560.0,3560.0,1172400.0,3073.69482421875
2016-03-08,3560.0,3465.0,3555.0,3510.0,1547800.0,3030.5244140625
2016-03-09,3515.0,3455.0,3480.0,3480.0,1248600.0,3004.622802734375
2016-03-10,3510.0,3455.0,3500.0,3500.0,1248600.0,3021.890869140625
2016-03-11,3620.0,3455.0,3460.0,3585.0,2601600.0,3095.279296875
2016-03-14,3695.0,3635.0,3650.0,3670.0,1746200.0,3168.668212890625
2016-03-15,3715.0,3645.0,3670.0,3670.0,1461600.0,3168.668212890625
2016-03-16,3785.0,3650.0,3655.0,3755.0,2385400.0,3242.056884765625
2016-03-17,3815.0,3715.0,3760.0,3750.0,1787400.0,3237.739990234375
2016-03-18,3765.0,3715.0,3740.0,3740.0,1328000.0,3229.10595703125
2016-03-22,3845.0,3740.0,3765.0,3825.0,1883200.0,3302.4951171875
2016-03-23,3925.0,3815.0,3825.0,3855.0,2414400.0,3328.39697265625
2016-03-24,3910.0,3850.0,3855.0,3870.0,1609800.0,3341.34765625
2016-03-25,3895.0,3770.0,3885.0,3785.0,1460600.0,3267.958984375
2016-03-28,3830.0,3770.0,3830.0,3815.0,896200.0,3293.860595703125
2016-03-29,3855.0,3760.0,3775.0,3810.0,1082200.0,3337.662353515625
2016-03-30,3810.0,3730.0,3810.0,3740.0,1145400.0,3276.340576171875
2016-03-31,3810.0,3710.0,3780.0,3720.0,1096000.0,3258.81982421875
2016-04-01,3705.0,3625.0,3690.0,3635.0,1577200.0,3184.357421875
2016-04-04,3660.0,3575.0,3625.0,3605.0,1361200.0,3158.076416015625
2016-04-05,3595.0,3490.0,3575.0,3500.0,1431200.0,3066.09375
2016-04-06,3535.0,3455.0,3490.0,3505.0,1620200.0,3070.4736328125
2016-04-07,3620.0,3520.0,3525.0,3605.0,1617200.0,3158.076416015625
2016-04-08,3675.0,3550.0,3575.0,3630.0,1372800.0,3179.9775390625
2016-04-11,3640.0,3570.0,3630.0,3625.0,1349600.0,3175.59716796875
2016-04-12,3620.0,3570.0,3600.0,3595.0,1663600.0,3149.31640625
2016-04-13,3630.0,3580.0,3610.0,3620.0,1193600.0,3171.21728515625
2016-04-14,3750.0,3670.0,3685.0,3745.0,1988400.0,3280.72021484375
2016-04-15,3830.0,3745.0,3785.0,3765.0,1508000.0,3298.2412109375
2016-04-18,3870.0,3685.0,3705.0,3845.0,2801000.0,3368.322998046875
2016-04-19,3910.0,3825.0,3875.0,3860.0,1971800.0,3381.46337890625
2016-04-20,3915.0,3815.0,3905.0,3825.0,1741800.0,3350.802490234375
2016-04-21,3855.0,3805.0,3850.0,3840.0,1855800.0,3363.94287109375
2016-04-22,3870.0,3790.0,3800.0,3855.0,2830800.0,3377.08349609375
2016-04-25,3880.0,3760.0,3875.0,3775.0,2097800.0,3307.001220703125
2016-04-26,3835.0,3770.0,3770.0,3810.0,1630200.0,3337.662353515625
2016-04-27,3835.0,3785.0,3820.0,3820.0,1446600.0,3346.422607421875
2016-04-28,3845.0,3725.0,3845.0,3740.0,1576400.0,3276.340576171875
2016-05-02,3680.0,3620.0,3635.0,3645.0,1437400.0,3193.11767578125
2016-05-06,3650.0,3575.0,3625.0,3600.0,1403800.0,3153.69677734375
2016-05-09,3685.0,3600.0,3600.0,3670.0,1196400.0,3215.018310546875
2016-05-10,3745.0,3685.0,3690.0,3730.0,1268800.0,3267.579833984375
2016-05-11,3805.0,3705.0,3765.0,3760.0,1355400.0,3293.860595703125
2016-05-12,3815.0,3730.0,3730.0,3805.0,1540200.0,3333.28173828125
2016-05-13,3915.0,3760.0,3810.0,3840.0,3107800.0,3363.94287109375
2016-05-16,3945.0,3855.0,3855.0,3905.0,1956600.0,3420.884765625
2016-05-17,4020.0,3880.0,3920.0,4015.0,2609200.0,3517.24755859375
2016-05-18,4045.0,3970.0,4005.0,3995.0,2149400.0,3499.726806640625
2016-05-19,4030.0,3980.0,4000.0,4020.0,1489800.0,3521.6279296875
2016-05-20,4015.0,3935.0,3950.0,4000.0,1608200.0,3504.107177734375
2016-05-23,3995.0,3950.0,3970.0,3980.0,1328600.0,3486.58642578125
2016-05-24,4010.0,3970.0,3980.0,3985.0,1506800.0,3490.966796875
2016-05-25,4050.0,3950.0,4045.0,3965.0,1361800.0,3473.446533203125
2016-05-26,4040.0,3995.0,4000.0,4005.0,1207800.0,3508.487060546875
2016-05-27,4065.0,4020.0,4030.0,4060.0,1922600.0,3556.66845703125
2016-05-30,4095.0,4050.0,4075.0,4060.0,1422800.0,3556.66845703125
2016-05-31,4115.0,4045.0,4070.0,4110.0,1800600.0,3600.470458984375
2016-06-01,4125.0,4010.0,4120.0,4030.0,1739800.0,3530.38818359375
2016-06-02,4045.0,3970.0,4025.0,3995.0,1391200.0,3499.726806640625
2016-06-03,4070.0,4000.0,4000.0,4070.0,1302800.0,3565.428955078125
2016-06-06,4125.0,4055.0,4085.0,4110.0,2250200.0,3600.470458984375
2016-06-07,4120.0,4075.0,4115.0,4095.0,1065000.0,3587.329833984375
2016-06-08,4160.0,4095.0,4100.0,4140.0,1667400.0,3626.750732421875
2016-06-09,4165.0,4110.0,4115.0,4145.0,1086200.0,3631.13134765625
2016-06-10,4165.0,4095.0,4155.0,4120.0,1284800.0,3609.230712890625
2016-06-13,4065.0,4005.0,4045.0,4005.0,1061400.0,3508.487060546875
2016-06-14,4070.0,3985.0,3995.0,4055.0,1819600.0,3552.288818359375
2016-06-15,4080.0,3980.0,4050.0,3980.0,1828200.0,3486.58642578125
2016-06-16,4000.0,3905.0,3965.0,3920.0,1616200.0,3434.025390625
2016-06-17,4025.0,3940.0,3965.0,3960.0,2000200.0,3469.06591796875
2016-06-20,4070.0,4010.0,4030.0,4055.0,1310400.0,3552.288818359375
2016-06-21,4115.0,4035.0,4055.0,4105.0,1352600.0,3596.090087890625
2016-06-22,4105.0,4035.0,4105.0,4070.0,932600.0,3565.428955078125
2016-06-23,4085.0,4015.0,4070.0,4025.0,1142800.0,3526.007568359375
2016-06-24,4065.0,3760.0,4055.0,3825.0,2779200.0,3350.802490234375
2016-06-27,4050.0,3875.0,3875.0,4025.0,2083000.0,3526.007568359375
2016-06-28,4140.0,3980.0,3980.0,4095.0,2050200.0,3587.329833984375
2016-06-29,4245.0,4180.0,4220.0,4190.0,2223200.0,3670.552490234375
2016-06-30,4290.0,4190.0,4250.0,4190.0,2110600.0,3670.552490234375
2016-07-01,4220.0,4150.0,4210.0,4175.0,1621800.0,3657.411865234375
2016-07-04,4170.0,4110.0,4145.0,4120.0,1596400.0,3609.230712890625
2016-07-05,4175.0,4085.0,4110.0,4175.0,1091000.0,3657.411865234375
2016-07-06,4135.0,4045.0,4110.0,4100.0,1989000.0,3591.709716796875
2016-07-07,4115.0,4045.0,4115.0,4065.0,1322200.0,3561.048828125
2016-07-08,4125.0,4055.0,4085.0,4055.0,1650400.0,3552.288818359375
2016-07-11,4055.0,4055.0,4055.0,4055.0,0.0,3552.288818359375
2016-07-12,4410.0,4270.0,4355.0,4275.0,2449800.0,3745.014892578125
2016-07-13,4340.0,4225.0,4325.0,4275.0,2178600.0,3745.014892578125
2016-07-14,4360.0,4280.0,4295.0,4360.0,1704800.0,3819.47705078125
2016-07-15,4385.0,4305.0,4380.0,4310.0,1630400.0,3775.67529296875
2016-07-19,4335.0,4265.0,4315.0,4335.0,1238400.0,3797.575927734375
2016-07-20,4465.0,4290.0,4300.0,4465.0,2532600.0,3911.45947265625
2016-07-21,4570.0,4485.0,4520.0,4525.0,2891800.0,3964.021240234375
2016-07-22,4545.0,4460.0,4495.0,4510.0,1479600.0,3950.880615234375
2016-07-25,4540.0,4465.0,4530.0,4475.0,1872400.0,3920.220458984375
2016-07-26,4560.0,4455.0,4460.0,4535.0,2565800.0,3972.781982421875
2016-07-27,4645.0,4555.0,4575.0,4625.0,2329800.0,4051.62353515625
2016-07-28,4605.0,4510.0,4600.0,4590.0,2251600.0,4020.962890625
2016-07-29,4625.0,4520.0,4590.0,4625.0,2334600.0,4051.62353515625
2016-08-01,4620.0,4555.0,4575.0,4595.0,1706000.0,4025.34326171875
2016-08-02,4580.0,4520.0,4555.0,4535.0,1542800.0,3972.781982421875
2016-08-03,4545.0,4475.0,4535.0,4485.0,1318200.0,3928.979736328125
2016-08-04,4500.0,4300.0,4475.0,4330.0,3765200.0,3793.19580078125
2016-08-05,4390.0,3995.0,4350.0,4100.0,5007000.0,3591.709716796875
2016-08-08,4060.0,3840.0,4025.0,3925.0,5468200.0,3438.405029296875
2016-08-09,4005.0,3875.0,3935.0,3990.0,4492400.0,3495.3466796875
2016-08-10,4150.0,4030.0,4030.0,4095.0,3454200.0,3587.329833984375
2016-08-12,4105.0,4025.0,4090.0,4070.0,2198000.0,3565.428955078125
2016-08-15,4085.0,4040.0,4060.0,4045.0,1124200.0,3543.5283203125
2016-08-16,4050.0,3990.0,4050.0,3990.0,1447800.0,3495.3466796875
2016-08-17,3980.0,3890.0,3975.0,3930.0,1876800.0,3442.785400390625
2016-08-18,3980.0,3905.0,3950.0,3915.0,1507600.0,3429.644775390625
2016-08-19,3925.0,3830.0,3910.0,3870.0,1512400.0,3390.223388671875
2016-08-22,3905.0,3845.0,3875.0,3900.0,1879600.0,3416.50439453125
2016-08-23,3960.0,3895.0,3900.0,3920.0,1944200.0,3434.025390625
2016-08-24,3980.0,3925.0,3975.0,3960.0,1446800.0,3469.06591796875
2016-08-25,3965.0,3895.0,3965.0,3905.0,1163600.0,3420.884765625
2016-08-26,3905.0,3855.0,3890.0,3885.0,1005800.0,3403.3642578125
2016-08-29,3935.0,3875.0,3930.0,3885.0,1127400.0,3403.3642578125
2016-08-30,3880.0,3815.0,3880.0,3850.0,1214600.0,3372.703369140625
2016-08-31,3895.0,3840.0,3875.0,3890.0,1258800.0,3407.744384765625
2016-09-01,3950.0,3860.0,3900.0,3935.0,1479000.0,3447.165283203125
2016-09-02,3970.0,3910.0,3940.0,3915.0,946600.0,3429.644775390625
2016-09-05,3945.0,3890.0,3945.0,3895.0,818400.0,3412.124267578125
2016-09-06,3970.0,3870.0,3885.0,3955.0,1148600.0,3464.68603515625
2016-09-07,4080.0,3935.0,3955.0,4045.0,2328000.0,3543.5283203125
2016-09-08,4040.0,3980.0,3995.0,4025.0,1301000.0,3526.007568359375
2016-09-09,4030.0,3960.0,4000.0,3960.0,1301800.0,3469.06591796875
2016-09-12,3940.0,3880.0,3885.0,3910.0,1007600.0,3425.2646484375
2016-09-13,3920.0,3880.0,3880.0,3905.0,917200.0,3420.884765625
2016-09-14,3910.0,3865.0,3895.0,3900.0,858200.0,3416.50439453125
2016-09-15,3905.0,3870.0,3885.0,3880.0,862400.0,3398.98388671875
2016-09-16,3890.0,3820.0,3875.0,3825.0,1217600.0,3350.802490234375
2016-09-20,3860.0,3775.0,3810.0,3800.0,1317600.0,3328.90185546875
2016-09-21,3845.0,3750.0,3805.0,3835.0,1593400.0,3359.56298828125
2016-09-23,3875.0,3835.0,3860.0,3870.0,1320000.0,3390.223388671875
2016-09-26,3875.0,3825.0,3875.0,3840.0,876200.0,3363.94287109375
2016-09-27,3885.0,3790.0,3810.0,3885.0,1130400.0,3403.3642578125
2016-09-28,3860.0,3805.0,3835.0,3835.0,872200.0,3394.5126953125
2016-09-29,3845.0,3785.0,3835.0,3805.0,1132400.0,3367.95849609375
2016-09-30,3820.0,3755.0,3775.0,3775.0,1176400.0,3341.404296875
2016-10-03,3800.0,3760.0,3790.0,3775.0,1003200.0,3341.404296875
2016-10-04,3805.0,3755.0,3805.0,3775.0,1009000.0,3341.404296875
2016-10-05,3805.0,3730.0,3780.0,3740.0,1279600.0,3310.424560546875
2016-10-06,3760.0,3735.0,3750.0,3750.0,1022400.0,3319.275634765625
2016-10-07,3745.0,3695.0,3740.0,3725.0,914000.0,3297.147216796875
2016-10-11,3770.0,3700.0,3700.0,3770.0,1636600.0,3336.978515625
2016-10-12,3855.0,3760.0,3765.0,3815.0,2292600.0,3376.8095703125
2016-10-13,3820.0,3780.0,3815.0,3810.0,999600.0,3372.3837890625
2016-10-14,3835.0,3795.0,3820.0,3825.0,1071000.0,3385.6611328125
2016-10-17,3805.0,3770.0,3800.0,3780.0,894800.0,3345.830078125
2016-10-18,3785.0,3745.0,3765.0,3775.0,1072800.0,3341.404296875
2016-10-19,3820.0,3775.0,3775.0,3805.0,693600.0,3367.95849609375
2016-10-20,3810.0,3765.0,3790.0,3805.0,1045800.0,3367.95849609375
2016-10-21,3770.0,3700.0,3760.0,3720.0,1957400.0,3292.7216796875
2016-10-24,3810.0,3705.0,3715.0,3790.0,2935400.0,3354.681640625
2016-10-25,3910.0,3805.0,3815.0,3880.0,2572800.0,3434.34375
2016-10-26,3940.0,3890.0,3890.0,3925.0,1373600.0,3474.17529296875
2016-10-27,3985.0,3925.0,3960.0,3940.0,1209600.0,3487.4521484375
2016-10-28,3975.0,3930.0,3960.0,3940.0,970200.0,3487.4521484375
2016-10-31,3955.0,3895.0,3940.0,3940.0,1116200.0,3487.4521484375
2016-11-01,3935.0,3880.0,3910.0,3930.0,737400.0,3478.60107421875
2016-11-02,3895.0,3850.0,3880.0,3875.0,883800.0,3429.91845703125
2016-11-04,3930.0,3835.0,3895.0,3875.0,1131600.0,3429.91845703125
2016-11-07,3935.0,3870.0,3915.0,3915.0,1007200.0,3465.323486328125
2016-11-08,3860.0,3775.0,3855.0,3795.0,2549200.0,3359.106689453125
2016-11-09,3775.0,3570.0,3720.0,3610.0,5092000.0,3195.3564453125
2016-11-10,3750.0,3670.0,3750.0,3725.0,1822800.0,3297.147216796875
2016-11-11,3805.0,3705.0,3770.0,3725.0,2240800.0,3297.147216796875
2016-11-14,3750.0,3665.0,3740.0,3675.0,1602800.0,3252.89013671875
2016-11-15,3760.0,3685.0,3725.0,3735.0,1637800.0,3305.99853515625
2016-11-16,3840.0,3745.0,3770.0,3840.0,2068000.0,3398.9384765625
2016-11-17,3910.0,3830.0,3830.0,3865.0,1721800.0,3421.06689453125
2016-11-18,3910.0,3865.0,3900.0,3875.0,1485600.0,3429.91845703125
2016-11-21,3950.0,3880.0,3885.0,3935.0,1312200.0,3483.0263671875
2016-11-22,4025.0,3950.0,3955.0,4010.0,2355000.0,3549.412109375
2016-11-24,4085.0,4030.0,4050.0,4035.0,2093600.0,3571.540771484375
2016-11-25,4030.0,3960.0,4030.0,3985.0,1916800.0,3527.283935546875
2016-11-28,4045.0,3940.0,3950.0,4030.0,1548000.0,3567.115234375
2016-11-29,4110.0,4050.0,4050.0,4105.0,1695000.0,3633.500732421875
2016-11-30,4170.0,4100.0,4125.0,4140.0,2861600.0,3664.480224609375
2016-12-01,4185.0,4125.0,4175.0,4145.0,2083400.0,3668.906005859375
2016-12-02,4175.0,4105.0,4140.0,4125.0,1169400.0,3651.203125
2016-12-05,4160.0,4075.0,4110.0,4100.0,945200.0,3629.07470703125
2016-12-06,4145.0,4100.0,4125.0,4120.0,1212000.0,3646.777587890625
2016-12-07,4125.0,4090.0,4110.0,4125.0,1122000.0,3651.203125
2016-12-08,4160.0,4130.0,4150.0,4160.0,1138600.0,3682.18310546875
2016-12-09,4195.0,4150.0,4195.0,4165.0,1527000.0,3686.60888671875
2016-12-12,4225.0,4150.0,4175.0,4185.0,1462800.0,3704.3115234375
2016-12-13,4240.0,4155.0,4160.0,4230.0,1182400.0,3744.14306640625
2016-12-14,4250.0,4210.0,4225.0,4210.0,941000.0,3726.440185546875
2016-12-15,4215.0,4155.0,4210.0,4180.0,1067800.0,3699.8857421875
2016-12-16,4200.0,4165.0,4195.0,4190.0,979200.0,3708.7373046875
2016-12-19,4215.0,4170.0,4190.0,4200.0,829800.0,3717.5888671875
2016-12-20,4210.0,4175.0,4195.0,4205.0,832600.0,3722.0146484375
2016-12-21,4200.0,4155.0,4200.0,4175.0,886600.0,3695.460205078125
2016-12-22,4180.0,4140.0,4170.0,4180.0,653000.0,3699.8857421875
2016-12-26,4165.0,4130.0,4165.0,4140.0,630600.0,3664.480224609375
2016-12-27,4145.0,4075.0,4120.0,4080.0,985200.0,3611.371826171875
2016-12-28,4145.0,4060.0,4065.0,4110.0,913000.0,3637.92626953125
2016-12-29,4100.0,4055.0,4070.0,4085.0,760200.0,3615.798095703125
2016-12-30,4110.0,4050.0,4060.0,4090.0,740400.0,3620.2236328125
2017-01-04,4185.0,4130.0,4180.0,4175.0,1015400.0,3695.460205078125
2017-01-05,4180.0,4140.0,4175.0,4175.0,1063400.0,3695.460205078125
2017-01-06,4220.0,4175.0,4180.0,4215.0,1111800.0,3730.865966796875
2017-01-10,4215.0,4175.0,4215.0,4195.0,972800.0,3713.1630859375
2017-01-11,4230.0,4175.0,4210.0,4230.0,893400.0,3744.14306640625
2017-01-12,4225.0,4105.0,4225.0,4145.0,1275000.0,3668.906005859375
2017-01-13,4190.0,4140.0,4165.0,4190.0,835200.0,3708.7373046875
2017-01-16,4200.0,4150.0,4175.0,4170.0,672600.0,3691.034423828125
2017-01-17,4155.0,4040.0,4150.0,4045.0,1273400.0,3580.39208984375
2017-01-18,4090.0,4015.0,4055.0,4055.0,1264800.0,3589.24365234375
2017-01-19,4100.0,4055.0,4095.0,4080.0,1217000.0,3611.371826171875
2017-01-20,4095.0,4055.0,4070.0,4090.0,730600.0,3620.2236328125
2017-01-23,4070.0,4030.0,4050.0,4045.0,970200.0,3580.39208984375
2017-01-24,4060.0,4015.0,4035.0,4030.0,912800.0,3567.115234375
2017-01-25,4100.0,4025.0,4080.0,4035.0,821000.0,3571.540771484375
2017-01-26,4090.0,4045.0,4045.0,4085.0,1093800.0,3615.798095703125
2017-01-27,4110.0,4065.0,4095.0,4075.0,765800.0,3606.946533203125
2017-01-30,4060.0,4035.0,4050.0,4055.0,564000.0,3589.24365234375
2017-01-31,4045.0,4010.0,4025.0,4010.0,954800.0,3549.412109375
2017-02-01,4030.0,3960.0,3990.0,4030.0,699000.0,3567.115234375
2017-02-02,4040.0,3995.0,4010.0,4000.0,1309000.0,3540.560791015625
2017-02-03,4015.0,3965.0,4005.0,3970.0,1091000.0,3514.00634765625
2017-02-06,3995.0,3960.0,3990.0,3975.0,741600.0,3518.43212890625
2017-02-07,4025.0,3965.0,3965.0,4000.0,753000.0,3540.560791015625
2017-02-08,4005.0,3895.0,4000.0,3955.0,2111000.0,3500.729736328125
2017-02-09,4020.0,3960.0,3975.0,3990.0,1104200.0,3531.708984375
2017-02-10,4060.0,4005.0,4030.0,4035.0,1114400.0,3571.540771484375
2017-02-13,4070.0,4015.0,4045.0,4065.0,785000.0,3598.0947265625
2017-02-14,4100.0,4015.0,4075.0,4025.0,1118200.0,3562.68896484375
2017-02-15,4095.0,4045.0,4055.0,4075.0,913400.0,3606.946533203125
2017-02-16,4080.0,4030.0,4060.0,4050.0,804800.0,3584.8173828125
2017-02-17,4050.0,4010.0,4035.0,4025.0,766600.0,3562.68896484375
2017-02-20,4035.0,3980.0,4020.0,4030.0,606000.0,3567.115234375
2017-02-21,4055.0,4010.0,4035.0,4025.0,757000.0,3562.68896484375
2017-02-22,4010.0,3975.0,4005.0,3985.0,868400.0,3527.283935546875
2017-02-23,3985.0,3925.0,3960.0,3985.0,1044600.0,3527.283935546875
2017-02-24,3980.0,3940.0,3960.0,3955.0,851400.0,3500.729736328125
2017-02-27,3930.0,3890.0,3915.0,3915.0,1278200.0,3465.323486328125
2017-02-28,3990.0,3935.0,3940.0,3940.0,1469400.0,3487.4521484375
2017-03-01,3995.0,3940.0,3965.0,3990.0,1105400.0,3531.708984375
2017-03-02,4035.0,4000.0,4015.0,4025.0,993000.0,3562.68896484375
2017-03-03,4050.0,4005.0,4025.0,4020.0,1122200.0,3558.263671875
2017-03-06,4005.0,3980.0,4000.0,3995.0,526200.0,3536.135009765625
2017-03-07,3995.0,3975.0,3980.0,3980.0,700200.0,3522.85791015625
2017-03-08,4025.0,3975.0,3975.0,4025.0,1172400.0,3562.68896484375
2017-03-09,4050.0,4010.0,4045.0,4035.0,907800.0,3571.540771484375
2017-03-10,4075.0,4035.0,4060.0,4055.0,1128600.0,3589.24365234375
2017-03-13,4095.0,4040.0,4050.0,4085.0,850200.0,3615.798095703125
2017-03-14,4120.0,4065.0,4080.0,4110.0,834800.0,3637.92626953125
2017-03-15,4160.0,4105.0,4105.0,4120.0,790600.0,3646.777587890625
2017-03-16,4165.0,4135.0,4155.0,4155.0,1010400.0,3677.757080078125
2017-03-17,4140.0,4100.0,4135.0,4105.0,962800.0,3633.500732421875
2017-03-21,4125.0,4080.0,4095.0,4110.0,558600.0,3637.92626953125
2017-03-22,4125.0,4060.0,4065.0,4095.0,969600.0,3624.649169921875
2017-03-23,4090.0,4055.0,4085.0,4070.0,715200.0,3602.5205078125
2017-03-24,4150.0,4080.0,4090.0,4145.0,1193600.0,3668.906005859375
2017-03-27,4215.0,4130.0,4190.0,4170.0,1936200.0,3691.034423828125
2017-03-28,4185.0,4145.0,4185.0,4160.0,984000.0,3682.18310546875
2017-03-29,4155.0,4110.0,4135.0,4135.0,878400.0,3713.616455078125
2017-03-30,4115.0,4015.0,4115.0,4025.0,936000.0,3614.825927734375
2017-03-31,4110.0,4050.0,4050.0,4055.0,1236400.0,3641.76904296875
2017-04-03,4185.0,4060.0,4060.0,4175.0,1612000.0,3749.5400390625
2017-04-04,4190.0,4140.0,4180.0,4160.0,1537200.0,3736.068603515625
2017-04-05,4175.0,4120.0,4155.0,4165.0,970600.0,3740.559326171875
2017-04-06,4170.0,4085.0,4155.0,4095.0,957400.0,3677.69287109375
2017-04-07,4140.0,4090.0,4110.0,4115.0,1081800.0,3695.654541015625
2017-04-10,4155.0,4115.0,4130.0,4140.0,547800.0,3718.106689453125
2017-04-11,4145.0,4115.0,4115.0,4140.0,481600.0,3718.106689453125
2017-04-12,4145.0,4100.0,4120.0,4140.0,705000.0,3718.106689453125
2017-04-13,4135.0,4080.0,4125.0,4095.0,799600.0,3677.69287109375
2017-04-14,4110.0,4025.0,4105.0,4035.0,782800.0,3623.80712890625
2017-04-17,4075.0,4005.0,4005.0,4065.0,618600.0,3650.749755859375
2017-04-18,4150.0,4090.0,4090.0,4130.0,792000.0,3709.1259765625
2017-04-19,4110.0,4060.0,4105.0,4080.0,778000.0,3664.22119140625
2017-04-20,4115.0,4065.0,4085.0,4090.0,738800.0,3673.202392578125
2017-04-21,4150.0,4095.0,4105.0,4145.0,955200.0,3722.597412109375
2017-04-24,4200.0,4155.0,4170.0,4175.0,1405000.0,3749.5400390625
2017-04-25,4250.0,4170.0,4180.0,4215.0,1509000.0,3785.4638671875
2017-04-26,4265.0,4220.0,4245.0,4250.0,952000.0,3816.8974609375
2017-04-27,4240.0,4215.0,4220.0,4225.0,733400.0,3794.4453125
2017-04-28,4280.0,4225.0,4230.0,4250.0,1038800.0,3816.8974609375
2017-05-01,4265.0,4235.0,4240.0,4255.0,573400.0,3821.387939453125
2017-05-02,4305.0,4265.0,4270.0,4275.0,869000.0,3839.349609375
2017-05-08,4415.0,4320.0,4340.0,4395.0,1727600.0,3947.12109375
2017-05-09,4435.0,4395.0,4430.0,4425.0,1004800.0,3974.063720703125
2017-05-10,4440.0,4405.0,4415.0,4425.0,797400.0,3974.063720703125
2017-05-11,4470.0,4395.0,4400.0,4430.0,1053200.0,3978.553955078125
2017-05-12,4550.0,4370.0,4405.0,4470.0,2330800.0,4014.47802734375
2017-05-15,4600.0,4465.0,4465.0,4595.0,1821000.0,4126.7392578125
2017-05-16,4635.0,4580.0,4580.0,4630.0,1784200.0,4158.171875
2017-05-17,4665.0,4575.0,4585.0,4625.0,1481000.0,4153.68212890625
2017-05-18,4640.0,4570.0,4570.0,4640.0,1231000.0,4167.15380859375
2017-05-19,4680.0,4645.0,4655.0,4670.0,1150600.0,4194.09619140625
2017-05-22,4695.0,4660.0,4680.0,4665.0,974200.0,4189.60595703125
2017-05-23,4735.0,4670.0,4670.0,4675.0,926000.0,4198.58740234375
2017-05-24,4720.0,4675.0,4700.0,4680.0,866400.0,4203.07763671875
2017-05-25,4730.0,4665.0,4675.0,4710.0,1007000.0,4230.02001953125
2017-05-26,4730.0,4685.0,4700.0,4690.0,853000.0,4212.05810546875
2017-05-29,4730.0,4680.0,4690.0,4705.0,654000.0,4225.52978515625
2017-05-30,4755.0,4705.0,4720.0,4725.0,935400.0,4243.49169921875
2017-05-31,4735.0,4685.0,4725.0,4730.0,1667200.0,4247.982421875
2017-06-01,4790.0,4735.0,4740.0,4780.0,1193800.0,4292.88623046875
2017-06-02,4840.0,4780.0,4795.0,4825.0,1364000.0,4333.30078125
2017-06-05,4885.0,4815.0,4825.0,4875.0,993000.0,4378.20556640625
2017-06-06,4895.0,4850.0,4865.0,4870.0,1009400.0,4373.71435546875
2017-06-07,4865.0,4765.0,4840.0,4765.0,1352000.0,4279.41552734375
2017-06-08,4820.0,4755.0,4760.0,4795.0,906000.0,4306.3583984375
2017-06-09,4830.0,4765.0,4805.0,4775.0,1220600.0,4288.396484375
2017-06-12,4860.0,4765.0,4765.0,4855.0,1006800.0,4360.24365234375
2017-06-13,4965.0,4875.0,4875.0,4955.0,1463800.0,4450.05322265625
2017-06-14,5040.0,4955.0,4955.0,5035.0,1575800.0,4521.90087890625
2017-06-15,5140.0,5025.0,5030.0,5130.0,1595400.0,4607.21923828125
2017-06-16,5160.0,5070.0,5130.0,5110.0,1372800.0,4589.25732421875
2017-06-19,5230.0,5130.0,5130.0,5230.0,1290800.0,4697.029296875
2017-06-20,5380.0,5315.0,5320.0,5345.0,1752000.0,4800.30908203125
2017-06-21,5375.0,5270.0,5320.0,5365.0,1248800.0,4818.271484375
2017-06-22,5400.0,5325.0,5355.0,5360.0,1068400.0,4813.7802734375
2017-06-23,5385.0,5315.0,5360.0,5370.0,942800.0,4822.76220703125
2017-06-26,5365.0,5250.0,5360.0,5250.0,1325600.0,4714.9912109375
2017-06-27,5265.0,5190.0,5260.0,5220.0,1308800.0,4688.04736328125
2017-06-28,5245.0,5195.0,5195.0,5210.0,769400.0,4679.0673828125
2017-06-29,5230.0,5125.0,5220.0,5175.0,1515600.0,4647.6337890625
2017-06-30,5155.0,5095.0,5100.0,5130.0,1124800.0,4607.21923828125
2017-07-03,5230.0,5140.0,5145.0,5155.0,1034800.0,4629.67236328125
2017-07-04,5185.0,5100.0,5185.0,5115.0,776200.0,4593.748046875
2017-07-05,5125.0,5050.0,5110.0,5125.0,1284000.0,4602.72900390625
2017-07-06,5310.0,5215.0,5240.0,5240.0,1757800.0,4706.009765625
2017-07-07,5220.0,5140.0,5215.0,5170.0,1071200.0,4643.14306640625
2017-07-10,5210.0,5125.0,5175.0,5190.0,791200.0,4661.10546875
2017-07-11,5280.0,5195.0,5205.0,5280.0,780200.0,4741.93359375
2017-07-12,5270.0,5175.0,5245.0,5180.0,859800.0,4652.12353515625
2017-07-13,5285.0,5200.0,5200.0,5265.0,783600.0,4728.46240234375
2017-07-14,5335.0,5280.0,5305.0,5305.0,744400.0,4764.3857421875
2017-07-17,5305.0,5305.0,5305.0,5305.0,0.0,4764.3857421875
2017-07-18,5325.0,5270.0,5295.0,5305.0,727200.0,4764.3857421875
2017-07-19,5370.0,5305.0,5305.0,5320.0,1033000.0,4777.85693359375
2017-07-20,5415.0,5310.0,5310.0,5375.0,866800.0,4827.25244140625
2017-07-21,5375.0,5320.0,5375.0,5330.0,713000.0,4786.837890625
2017-07-24,5335.0,5280.0,5280.0,5330.0,596400.0,4786.837890625
2017-07-25,5365.0,5280.0,5340.0,5305.0,728200.0,4764.3857421875
2017-07-26,5340.0,5285.0,5330.0,5290.0,517000.0,4750.9140625
2017-07-27,5335.0,5260.0,5295.0,5265.0,790200.0,4728.46240234375
2017-07-28,5295.0,5200.0,5250.0,5290.0,802800.0,4750.9140625
2017-07-31,5300.0,5210.0,5245.0,5280.0,917000.0,4741.93359375
2017-08-01,5440.0,5260.0,5270.0,5435.0,1265800.0,4881.1376953125
2017-08-02,5465.0,5335.0,5450.0,5390.0,1072000.0,4840.72412109375
2017-08-03,5455.0,5385.0,5390.0,5415.0,783200.0,4863.1767578125
2017-08-04,5460.0,5400.0,5405.0,5440.0,564000.0,4885.62841796875
2017-08-07,5600.0,5415.0,5460.0,5510.0,2557600.0,4948.49462890625
2017-08-08,5565.0,5445.0,5530.0,5510.0,1552200.0,4948.49462890625
2017-08-09,5520.0,5415.0,5495.0,5450.0,1235800.0,4894.609375
2017-08-10,5490.0,5400.0,5490.0,5475.0,905400.0,4917.06103515625
2017-08-11,5475.0,5475.0,5475.0,5475.0,0.0,4917.06103515625
2017-08-14,5470.0,5410.0,5470.0,5435.0,1141600.0,4881.1376953125
2017-08-15,5520.0,5450.0,5475.0,5460.0,949600.0,4903.59033203125
2017-08-16,5490.0,5335.0,5470.0,5340.0,964600.0,4795.81982421875
2017-08-17,5360.0,5305.0,5335.0,5305.0,644800.0,4764.3857421875
2017-08-18,5295.0,5220.0,5260.0,5235.0,855400.0,4701.51953125
2017-08-21,5395.0,5275.0,5275.0,5385.0,1129000.0,4836.2333984375
2017-08-22,5450.0,5390.0,5405.0,5395.0,865400.0,4845.21435546875
2017-08-23,5465.0,5405.0,5460.0,5410.0,717000.0,4858.6865234375
2017-08-24,5480.0,5430.0,5430.0,5445.0,770200.0,4890.11865234375
2017-08-25,5445.0,5335.0,5435.0,5340.0,891400.0,4795.81982421875
2017-08-28,5420.0,5365.0,5370.0,5400.0,672200.0,4849.70458984375
2017-08-29,5535.0,5395.0,5395.0,5525.0,1298800.0,4961.9658203125
2017-08-30,5590.0,5480.0,5565.0,5525.0,1018400.0,4961.9658203125
2017-08-31,5530.0,5480.0,5505.0,5515.0,853600.0,4952.9853515625
2017-09-01,5585.0,5515.0,5530.0,5575.0,819800.0,5006.87060546875
2017-09-04,5590.0,5515.0,5560.0,5515.0,662600.0,4952.9853515625
2017-09-05,5525.0,5460.0,5510.0,5480.0,850800.0,4921.55224609375
2017-09-06,5620.0,5460.0,5465.0,5610.0,1402000.0,5038.3046875
2017-09-07,5760.0,5650.0,5650.0,5690.0,1323600.0,5110.15185546875
2017-09-08,5690.0,5620.0,5655.0,5665.0,1131600.0,5087.7001953125
2017-09-11,5770.0,5705.0,5750.0,5730.0,923800.0,5146.07568359375
2017-09-12,5805.0,5710.0,5760.0,5725.0,1090000.0,5141.5849609375
2017-09-13,5805.0,5665.0,5695.0,5795.0,804800.0,5204.451171875
2017-09-14,5800.0,5665.0,5785.0,5685.0,1230000.0,5105.66162109375
2017-09-15,5760.0,5680.0,5690.0,5740.0,1135000.0,5155.056640625
2017-09-18,5740.0,5740.0,5740.0,5740.0,0.0,5155.056640625
2017-09-19,5875.0,5765.0,5785.0,5860.0,1021200.0,5262.8271484375
2017-09-20,5985.0,5855.0,5860.0,5920.0,1184200.0,5316.7138671875
2017-09-21,5965.0,5865.0,5950.0,5875.0,1029000.0,5276.298828125
2017-09-22,5935.0,5865.0,5875.0,5870.0,832800.0,5271.80859375
2017-09-25,5930.0,5875.0,5925.0,5920.0,512000.0,5316.7138671875
2017-09-26,5985.0,5895.0,5950.0,5935.0,906200.0,5330.1845703125
2017-09-27,5900.0,5800.0,5890.0,5840.0,835900.0,5253.7177734375
2017-09-28,5890.0,5770.0,5830.0,5810.0,1127500.0,5226.7294921875
2017-09-29,5900.0,5780.0,5790.0,5900.0,1212500.0,5307.6943359375
2017-10-02,5920.0,5800.0,5880.0,5830.0,708200.0,5244.72216796875
2017-10-03,5920.0,5870.0,5880.0,5910.0,684600.0,5316.6904296875
2017-10-04,5890.0,5830.0,5840.0,5880.0,533900.0,5289.7021484375
2017-10-05,5930.0,5850.0,5860.0,5910.0,535000.0,5316.6904296875
2017-10-06,5920.0,5870.0,5900.0,5890.0,574000.0,5298.69873046875
2017-10-09,5890.0,5890.0,5890.0,5890.0,0.0,5298.69873046875
2017-10-10,6160.0,5940.0,5950.0,6140.0,1489500.0,5523.60107421875
2017-10-11,6190.0,6110.0,6120.0,6170.0,965700.0,5550.5888671875
2017-10-12,6250.0,6190.0,6200.0,6200.0,803600.0,5577.5771484375
2017-10-13,6350.0,6190.0,6230.0,6300.0,1427400.0,5667.53759765625
2017-10-16,6250.0,6080.0,6220.0,6200.0,901300.0,5577.5771484375
2017-10-17,6220.0,6170.0,6200.0,6190.0,775400.0,5568.58056640625
2017-10-18,6170.0,6110.0,6170.0,6120.0,873400.0,5505.6083984375
2017-10-19,6150.0,6050.0,6140.0,6070.0,828100.0,5460.62841796875
2017-10-20,6120.0,6010.0,6020.0,6070.0,733700.0,5460.62841796875
2017-10-23,6170.0,6090.0,6110.0,6120.0,621600.0,5505.6083984375
2017-10-24,6220.0,6090.0,6120.0,6210.0,679400.0,5586.572265625
2017-10-25,6240.0,6170.0,6220.0,6180.0,708300.0,5559.58544921875
2017-10-26,6290.0,6070.0,6100.0,6270.0,1224100.0,5640.5498046875
2017-10-27,6350.0,6080.0,6280.0,6150.0,1889100.0,5532.59619140625
2017-10-30,6230.0,6150.0,6170.0,6230.0,1130700.0,5604.5654296875
2017-10-31,6290.0,6200.0,6200.0,6270.0,628100.0,5640.5498046875
2017-11-01,6450.0,6270.0,6330.0,6440.0,1070200.0,5793.4833984375
2017-11-02,6520.0,6440.0,6470.0,6510.0,795700.0,5856.4560546875
2017-11-03,6510.0,6510.0,6510.0,6510.0,0.0,5856.4560546875
2017-11-06,6590.0,6510.0,6590.0,6560.0,704200.0,5901.43701171875
2017-11-07,6620.0,6490.0,6600.0,6610.0,1063300.0,5946.4169921875
2017-11-08,6620.0,6430.0,6590.0,6450.0,1147200.0,5802.4794921875
2017-11-09,6580.0,6400.0,6420.0,6470.0,1572100.0,5820.47119140625
2017-11-10,6440.0,6250.0,6270.0,6260.0,1811100.0,5631.55322265625
2017-11-13,6240.0,6090.0,6160.0,6090.0,1314000.0,5478.62060546875
2017-11-14,6150.0,6060.0,6080.0,6060.0,912000.0,5451.6318359375
2017-11-15,6060.0,5910.0,6030.0,5950.0,1479600.0,5352.6748046875
2017-11-16,6090.0,5870.0,5900.0,6070.0,976700.0,5460.62841796875
2017-11-17,6170.0,6050.0,6100.0,6090.0,864600.0,5478.62060546875
2017-11-20,6120.0,6030.0,6030.0,6110.0,623200.0,5496.61279296875
2017-11-21,6190.0,6110.0,6150.0,6110.0,673500.0,5496.61279296875
2017-11-22,6220.0,6130.0,6200.0,6150.0,599000.0,5532.59619140625
2017-11-23,6150.0,6150.0,6150.0,6150.0,0.0,5532.59619140625
2017-11-24,6120.0,6060.0,6110.0,6070.0,565300.0,5460.62841796875
2017-11-27,6100.0,5970.0,6090.0,5980.0,773300.0,5379.6630859375
2017-11-28,6100.0,6000.0,6000.0,6020.0,689800.0,5415.6474609375
2017-11-29,6070.0,6020.0,6070.0,6050.0,544200.0,5442.63623046875
2017-11-30,6030.0,5900.0,6020.0,5900.0,2354100.0,5307.6943359375
2017-12-01,5970.0,5860.0,5970.0,5950.0,1030100.0,5352.6748046875
2017-12-04,6040.0,5960.0,5990.0,5970.0,735800.0,5370.66748046875
2017-12-05,6020.0,5910.0,5960.0,6010.0,721800.0,5406.65185546875
2017-12-06,6030.0,5910.0,5990.0,5960.0,843400.0,5361.67138671875
2017-12-07,6130.0,5960.0,5970.0,6110.0,985900.0,5496.61279296875
2017-12-08,6240.0,6120.0,6140.0,6220.0,1282900.0,5595.56982421875
2017-12-11,6180.0,5930.0,6180.0,6050.0,2097400.0,5442.63623046875
2017-12-12,6130.0,6020.0,6030.0,6120.0,815800.0,5505.6083984375
2017-12-13,6240.0,6060.0,6100.0,6210.0,1424000.0,5586.572265625
2017-12-14,6230.0,6130.0,6160.0,6180.0,820300.0,5559.58544921875
2017-12-15,6200.0,6090.0,6200.0,6140.0,1010400.0,5523.60107421875
2017-12-18,6110.0,5900.0,6100.0,6030.0,1954000.0,5424.6435546875
2017-12-19,5880.0,5640.0,5880.0,5650.0,3096100.0,5082.79248046875
2017-12-20,5520.0,5370.0,5420.0,5500.0,3354400.0,4947.85107421875
2017-12-21,5710.0,5500.0,5510.0,5670.0,2121000.0,5100.78515625
2017-12-22,5640.0,5510.0,5630.0,5550.0,1575600.0,4992.83154296875
2017-12-25,5590.0,5540.0,5550.0,5550.0,657000.0,4992.83154296875
2017-12-26,5630.0,5540.0,5550.0,5610.0,891500.0,5046.80810546875
2017-12-27,5700.0,5610.0,5610.0,5670.0,731000.0,5100.78515625
2017-12-28,5680.0,5590.0,5680.0,5630.0,1178300.0,5064.80029296875
2017-12-29,5650.0,5600.0,5650.0,5610.0,641500.0,5046.80810546875
2018-01-01,5610.0,5610.0,5610.0,5610.0,0.0,5046.80810546875
2018-01-02,5610.0,5610.0,5610.0,5610.0,0.0,5046.80810546875
2018-01-03,5610.0,5610.0,5610.0,5610.0,0.0,5046.80810546875
2018-01-04,5740.0,5620.0,5690.0,5730.0,1410600.0,5154.7607421875
2018-01-05,5780.0,5700.0,5740.0,5780.0,1062400.0,5199.7412109375
2018-01-08,5780.0,5780.0,5780.0,5780.0,0.0,5199.7412109375
2018-01-09,5890.0,5780.0,5880.0,5820.0,1130800.0,5235.72509765625
2018-01-10,5800.0,5750.0,5760.0,5770.0,1184500.0,5190.7451171875
2018-01-11,5760.0,5700.0,5740.0,5740.0,890600.0,5163.75732421875
2018-01-12,5740.0,5640.0,5720.0,5660.0,1135900.0,5091.78759765625
2018-01-15,5700.0,5620.0,5660.0,5640.0,662100.0,5073.79541015625
2018-01-16,5730.0,5620.0,5640.0,5720.0,810100.0,5145.76513671875
2018-01-17,5770.0,5700.0,5730.0,5700.0,863300.0,5127.7724609375
2018-01-18,5770.0,5700.0,5740.0,5700.0,811600.0,5127.7724609375
2018-01-19,5840.0,5740.0,5750.0,5840.0,919000.0,5253.7177734375
2018-01-22,5860.0,5790.0,5850.0,5830.0,475400.0,5244.72216796875
2018-01-23,5850.0,5790.0,5850.0,5810.0,656300.0,5226.7294921875
2018-01-24,5830.0,5780.0,5800.0,5820.0,646500.0,5235.72509765625
2018-01-25,5790.0,5710.0,5780.0,5740.0,799300.0,5163.75732421875
2018-01-26,5790.0,5730.0,5750.0,5780.0,609700.0,5199.7412109375
2018-01-29,5820.0,5710.0,5800.0,5720.0,643300.0,5145.76513671875
2018-01-30,5710.0,5620.0,5670.0,5640.0,944400.0,5073.79541015625
2018-01-31,5630.0,5550.0,5620.0,5550.0,944900.0,4992.83154296875
2018-02-01,5610.0,5520.0,5550.0,5570.0,1042000.0,5010.82421875
2018-02-02,5600.0,5530.0,5540.0,5560.0,969300.0,5001.82763671875
2018-02-05,5510.0,5440.0,5460.0,5470.0,884300.0,4920.86181640625
2018-02-06,5220.0,5030.0,5210.0,5170.0,2060600.0,4650.9794921875
2018-02-07,5330.0,5070.0,5280.0,5080.0,1539000.0,4570.01513671875
2018-02-08,5290.0,4965.0,5060.0,5170.0,2080900.0,4650.9794921875
2018-02-09,5140.0,5000.0,5090.0,5080.0,1220700.0,4570.01513671875
2018-02-12,5080.0,5080.0,5080.0,5080.0,0.0,4570.01513671875
2018-02-13,5150.0,5040.0,5130.0,5050.0,1135200.0,4543.0263671875
2018-02-14,5130.0,5020.0,5060.0,5110.0,1316500.0,4597.00341796875
2018-02-15,5300.0,5180.0,5260.0,5180.0,1262300.0,4659.97509765625
2018-02-16,5400.0,5210.0,5220.0,5330.0,1113900.0,4794.91748046875
2018-02-19,5390.0,5310.0,5380.0,5360.0,624700.0,4821.9052734375
2018-02-20,5400.0,5300.0,5350.0,5400.0,977400.0,4857.8896484375
2018-02-21,5480.0,5340.0,5380.0,5410.0,828300.0,4866.88623046875
2018-02-22,5340.0,5190.0,5330.0,5220.0,1279400.0,4695.9599609375
2018-02-23,5370.0,5270.0,5280.0,5370.0,675200.0,4830.9013671875
2018-02-26,5460.0,5370.0,5410.0,5440.0,631500.0,4893.8740234375
2018-02-27,5540.0,5430.0,5530.0,5440.0,717500.0,4893.8740234375
2018-02-28,5540.0,5380.0,5400.0,5450.0,1308200.0,4902.87109375
2018-03-01,5370.0,5240.0,5370.0,5260.0,934700.0,4731.94384765625
2018-03-02,5220.0,5140.0,5160.0,5160.0,1007000.0,4641.9833984375
2018-03-05,5230.0,5060.0,5070.0,5210.0,1164600.0,4686.96435546875
2018-03-06,5290.0,5210.0,5250.0,5230.0,858000.0,4704.95654296875
2018-03-07,5430.0,5290.0,5320.0,5360.0,1354500.0,4821.9052734375
2018-03-08,5400.0,5300.0,5400.0,5330.0,862800.0,4794.91748046875
2018-03-09,5490.0,5360.0,5360.0,5420.0,1405800.0,4875.8818359375
2018-03-12,5500.0,5390.0,5490.0,5430.0,684000.0,4884.8779296875
2018-03-13,5450.0,5340.0,5350.0,5440.0,742300.0,4893.8740234375
2018-03-14,5410.0,5330.0,5400.0,5350.0,602200.0,4812.9091796875
2018-03-15,5310.0,5190.0,5290.0,5250.0,908000.0,4722.94873046875
2018-03-16,5300.0,5230.0,5260.0,5260.0,852100.0,4731.94384765625
2018-03-19,5330.0,5230.0,5260.0,5240.0,714200.0,4713.9521484375
2018-03-20,5270.0,5150.0,5200.0,5260.0,873600.0,4731.94384765625
2018-03-21,5260.0,5260.0,5260.0,5260.0,0.0,4731.94384765625
2018-03-22,5350.0,5220.0,5220.0,5330.0,951900.0,4794.91748046875
2018-03-23,5210.0,5110.0,5190.0,5130.0,1125900.0,4614.9951171875
2018-03-26,5160.0,5030.0,5040.0,5160.0,764700.0,4641.9833984375
2018-03-27,5390.0,5170.0,5210.0,5380.0,1069100.0,4839.89697265625
2018-03-28,5290.0,5210.0,5280.0,5270.0,880500.0,4807.9658203125
2018-03-29,5380.0,5320.0,5330.0,5380.0,1042400.0,4908.3212890625
2018-03-30,5450.0,5380.0,5420.0,5400.0,713000.0,4926.568359375
2018-04-02,5410.0,5320.0,5410.0,5320.0,479600.0,4853.58251953125
2018-04-03,5370.0,5260.0,5260.0,5350.0,645600.0,4880.9521484375
2018-04-04,5380.0,5310.0,5340.0,5360.0,634100.0,4890.0751953125
2018-04-05,5440.0,5340.0,5400.0,5430.0,740200.0,4953.9384765625
2018-04-06,5530.0,5440.0,5450.0,5470.0,845900.0,4990.43115234375
2018-04-09,5470.0,5380.0,5410.0,5450.0,529300.0,4972.18603515625
2018-04-10,5600.0,5490.0,5500.0,5570.0,965900.0,5081.6650390625
2018-04-11,5580.0,5440.0,5580.0,5450.0,657100.0,4972.18603515625
2018-04-12,5500.0,5370.0,5470.0,5390.0,705200.0,4917.44580078125
2018-04-13,5430.0,5350.0,5400.0,5360.0,620800.0,4890.0751953125
2018-04-16,5430.0,5370.0,5380.0,5410.0,362200.0,4935.6923828125
2018-04-17,5410.0,5370.0,5380.0,5390.0,518400.0,4917.44580078125
2018-04-18,5600.0,5480.0,5490.0,5600.0,774900.0,5109.033203125
2018-04-19,5730.0,5650.0,5730.0,5670.0,875100.0,5172.89794921875
2018-04-20,5680.0,5580.0,5630.0,5640.0,855500.0,5145.52685546875
2018-04-23,5630.0,5580.0,5620.0,5610.0,513200.0,5118.15771484375
2018-04-24,5660.0,5590.0,5640.0,5660.0,484000.0,5163.7734375
2018-04-25,5730.0,5620.0,5630.0,5730.0,762900.0,5227.63671875
2018-04-26,5890.0,5660.0,5740.0,5890.0,1507800.0,5373.609375
2018-04-27,5950.0,5850.0,5880.0,5910.0,1357900.0,5391.85546875
2018-04-30,5910.0,5910.0,5910.0,5910.0,0.0,5391.85546875
2018-05-01,5940.0,5850.0,5920.0,5910.0,671900.0,5391.85546875
2018-05-02,5930.0,5840.0,5930.0,5900.0,610200.0,5382.732421875
2018-05-03,5900.0,5900.0,5900.0,5900.0,0.0,5382.732421875
2018-05-04,5900.0,5900.0,5900.0,5900.0,0.0,5382.732421875
2018-05-07,5910.0,5850.0,5890.0,5910.0,754700.0,5391.85546875
2018-05-08,5930.0,5590.0,5890.0,5900.0,1135000.0,5382.732421875
2018-05-09,5930.0,5850.0,5900.0,5900.0,850800.0,5382.732421875
2018-05-10,5970.0,5850.0,5900.0,5970.0,720100.0,5446.595703125
2018-05-11,6070.0,5810.0,5980.0,6060.0,2111700.0,5528.70458984375
2018-05-14,6200.0,5990.0,6010.0,6140.0,1563700.0,5601.69140625
2018-05-15,6220.0,6090.0,6130.0,6150.0,1238700.0,5610.81396484375
2018-05-16,6170.0,6060.0,6110.0,6130.0,1024200.0,5592.568359375
2018-05-17,6150.0,6060.0,6140.0,6130.0,832500.0,5592.568359375
2018-05-18,6180.0,6100.0,6130.0,6170.0,636500.0,5629.06103515625
2018-05-21,6220.0,6130.0,6170.0,6130.0,771100.0,5592.568359375
2018-05-22,6180.0,6100.0,6120.0,6140.0,546600.0,5601.69140625
2018-05-23,6200.0,6050.0,6120.0,6050.0,1289200.0,5519.58203125
2018-05-24,6110.0,6020.0,6040.0,6060.0,962500.0,5528.70458984375
2018-05-25,6080.0,6000.0,6040.0,6040.0,835700.0,5510.45751953125
2018-05-28,6140.0,6030.0,6040.0,6130.0,606500.0,5592.568359375
2018-05-29,6120.0,6040.0,6070.0,6100.0,698800.0,5565.19775390625
2018-05-30,6150.0,6060.0,6100.0,6090.0,1053400.0,5556.0751953125
2018-05-31,6170.0,5940.0,6170.0,5990.0,3405800.0,5464.841796875
2018-06-01,6140.0,6000.0,6000.0,6110.0,1063200.0,5574.32177734375
2018-06-04,6190.0,6110.0,6130.0,6180.0,683200.0,5638.1845703125
2018-06-05,6250.0,6120.0,6210.0,6150.0,736300.0,5610.81396484375
2018-06-06,6250.0,6140.0,6170.0,6220.0,926600.0,5674.677734375
2018-06-07,6220.0,6170.0,6210.0,6170.0,947600.0,5629.06103515625
2018-06-08,6210.0,6140.0,6140.0,6140.0,790400.0,5601.69140625
2018-06-11,6180.0,6110.0,6120.0,6150.0,484700.0,5610.81396484375
2018-06-12,6250.0,6170.0,6170.0,6240.0,845100.0,5692.923828125
2018-06-13,6290.0,6190.0,6190.0,6270.0,622300.0,5720.29345703125
2018-06-14,6230.0,6150.0,6220.0,6200.0,734700.0,5656.4306640625
2018-06-15,6210.0,6130.0,6210.0,6170.0,854100.0,5629.06103515625
2018-06-18,6210.0,6090.0,6190.0,6170.0,721900.0,5629.06103515625
2018-06-19,6220.0,6120.0,6160.0,6150.0,954700.0,5610.81396484375
2018-06-20,6150.0,6000.0,6130.0,6130.0,1280300.0,5592.568359375
2018-06-21,6130.0,6040.0,6090.0,6080.0,929900.0,5546.951171875
2018-06-22,6080.0,6020.0,6020.0,6030.0,813200.0,5501.3349609375
2018-06-25,6050.0,5950.0,6030.0,6000.0,835900.0,5473.96533203125
2018-06-26,6050.0,5900.0,5940.0,6040.0,800800.0,5510.45751953125
2018-06-27,6220.0,5970.0,6010.0,6200.0,1213400.0,5656.4306640625
2018-06-28,6220.0,6100.0,6190.0,6170.0,1166400.0,5629.06103515625
2018-06-29,6170.0,6070.0,6160.0,6110.0,884000.0,5574.32177734375
2018-07-02,6180.0,5970.0,6080.0,5980.0,1016700.0,5455.71875
2018-07-03,6030.0,5920.0,5980.0,5960.0,954800.0,5437.47265625
2018-07-04,6080.0,5930.0,5930.0,6030.0,714600.0,5501.3349609375
2018-07-05,6070.0,5990.0,6020.0,6020.0,792300.0,5492.2119140625
2018-07-06,6040.0,5970.0,6040.0,6000.0,1130100.0,5473.96533203125
2018-07-09,6080.0,6020.0,6050.0,6060.0,923000.0,5528.70458984375
2018-07-10,6200.0,6060.0,6080.0,6150.0,821700.0,5610.81396484375
2018-07-11,6230.0,6120.0,6160.0,6170.0,861800.0,5629.06103515625
2018-07-12,6190.0,6070.0,6180.0,6070.0,663600.0,5537.82861328125
2018-07-13,6130.0,6080.0,6100.0,6130.0,542900.0,5592.568359375
2018-07-16,6130.0,6130.0,6130.0,6130.0,0.0,5592.568359375
2018-07-17,6180.0,6100.0,6110.0,6160.0,607100.0,5619.9375
2018-07-18,6230.0,6150.0,6180.0,6150.0,497100.0,5610.81396484375
2018-07-19,6240.0,6160.0,6190.0,6170.0,536100.0,5629.06103515625
2018-07-20,6130.0,6050.0,6120.0,6090.0,805400.0,5556.0751953125
2018-07-23,6090.0,6020.0,6030.0,6050.0,498700.0,5519.58203125
2018-07-24,6140.0,6080.0,6100.0,6140.0,316500.0,5601.69140625
2018-07-25,6210.0,6150.0,6170.0,6180.0,416100.0,5638.1845703125
2018-07-26,6300.0,6180.0,6220.0,6190.0,895100.0,5647.30712890625
2018-07-27,6280.0,6230.0,6230.0,6240.0,464500.0,5692.923828125
2018-07-30,6250.0,6200.0,6230.0,6210.0,341300.0,5665.55322265625
2018-07-31,6270.0,6190.0,6250.0,6210.0,708300.0,5665.55322265625
2018-08-01,6180.0,6080.0,6170.0,6090.0,605800.0,5556.0751953125
2018-08-02,6140.0,6040.0,6100.0,6050.0,552300.0,5519.58203125
2018-08-03,6030.0,5960.0,6030.0,6030.0,541800.0,5501.3349609375
2018-08-06,6050.0,5170.0,6020.0,5300.0,3424400.0,4835.3359375
2018-08-07,5480.0,5180.0,5350.0,5360.0,3442500.0,4890.0751953125
2018-08-08,5360.0,5170.0,5360.0,5190.0,1371700.0,4734.98046875
2018-08-09,5250.0,5170.0,5200.0,5190.0,753300.0,4734.98046875
2018-08-10,5190.0,5080.0,5190.0,5110.0,997700.0,4661.994140625
2018-08-13,5120.0,5000.0,5110.0,5020.0,708700.0,4579.88427734375
2018-08-14,5180.0,5020.0,5070.0,5180.0,721800.0,4725.85595703125
2018-08-15,5210.0,5080.0,5180.0,5110.0,556300.0,4661.994140625
2018-08-16,5070.0,4980.0,5040.0,5060.0,822400.0,4616.37744140625
2018-08-17,5090.0,4985.0,5080.0,5000.0,549900.0,4561.63720703125
2018-08-20,5160.0,4995.0,5000.0,5130.0,1111500.0,4680.240234375
2018-08-21,5160.0,5070.0,5100.0,5120.0,897100.0,4671.11669921875
2018-08-22,5140.0,5070.0,5140.0,5090.0,410800.0,4643.74658203125
2018-08-23,5090.0,5040.0,5060.0,5050.0,468500.0,4607.25390625
2018-08-24,5110.0,5020.0,5080.0,5090.0,486000.0,4643.74658203125
2018-08-27,5130.0,5090.0,5100.0,5130.0,377700.0,4680.240234375
2018-08-28,5190.0,5110.0,5170.0,5140.0,664200.0,4689.36376953125
2018-08-29,5120.0,5030.0,5110.0,5030.0,936100.0,4589.00732421875
2018-08-30,5050.0,4990.0,5030.0,4990.0,843400.0,4552.5146484375
2018-08-31,4990.0,4890.0,4980.0,4970.0,1132700.0,4534.26806640625
2018-09-03,5000.0,4910.0,4990.0,4915.0,464200.0,4484.09033203125
2018-09-04,5040.0,4955.0,4975.0,5000.0,817900.0,4561.63720703125
2018-09-05,5040.0,4945.0,4955.0,4985.0,845700.0,4547.95263671875
2018-09-06,5070.0,4950.0,5000.0,5020.0,912400.0,4579.88427734375
2018-09-07,4995.0,4860.0,4995.0,4880.0,1078600.0,4452.158203125
2018-09-10,4935.0,4860.0,4860.0,4900.0,427000.0,4470.40478515625
2018-09-11,4940.0,4870.0,4900.0,4910.0,601000.0,4479.5283203125
2018-09-12,4930.0,4790.0,4915.0,4840.0,753200.0,4415.66552734375
2018-09-13,4960.0,4875.0,4875.0,4950.0,552500.0,4516.021484375
2018-09-14,5010.0,4950.0,4965.0,4985.0,863800.0,4547.95263671875
2018-09-17,4985.0,4985.0,4985.0,4985.0,0.0,4547.95263671875
2018-09-18,5030.0,4915.0,4925.0,5010.0,640200.0,4570.7607421875
2018-09-19,5100.0,5010.0,5090.0,5010.0,693400.0,4570.7607421875
2018-09-20,5070.0,4980.0,5050.0,5040.0,803600.0,4598.13037109375
2018-09-21,5160.0,5060.0,5080.0,5130.0,1210300.0,4680.240234375
2018-09-24,5130.0,5130.0,5130.0,5130.0,0.0,4680.240234375
2018-09-25,5290.0,5110.0,5120.0,5270.0,1291300.0,4807.9658203125
2018-09-26,5220.0,5120.0,5210.0,5180.0,867200.0,4780.28076171875
2018-09-27,5200.0,5070.0,5150.0,5080.0,772500.0,4687.99755859375
2018-09-28,5240.0,5150.0,5150.0,5180.0,768900.0,4780.28076171875
2018-10-01,5200.0,5120.0,5180.0,5180.0,608100.0,4780.28076171875
2018-10-02,5220.0,5080.0,5220.0,5100.0,806700.0,4706.45458984375
2018-10-03,5150.0,5060.0,5120.0,5070.0,466000.0,4678.76953125
2018-10-04,5130.0,5050.0,5050.0,5100.0,811800.0,4706.45458984375
2018-10-05,5130.0,5040.0,5060.0,5120.0,594400.0,4724.9111328125
2018-10-08,5120.0,5120.0,5120.0,5120.0,0.0,4724.9111328125
2018-10-09,5220.0,5060.0,5090.0,5080.0,1056500.0,4687.99755859375
2018-10-10,5140.0,5060.0,5070.0,5130.0,520400.0,4734.1396484375
2018-10-11,5000.0,4905.0,4980.0,4960.0,1011200.0,4577.2568359375
2018-10-12,5050.0,4900.0,4900.0,5040.0,810600.0,4651.083984375
2018-10-15,5010.0,4895.0,4990.0,4895.0,675600.0,4517.2734375
2018-10-16,4930.0,4855.0,4855.0,4920.0,600300.0,4540.34423828125
2018-10-17,5020.0,4965.0,4990.0,4985.0,625100.0,4600.32861328125
2018-10-18,5040.0,4975.0,4985.0,5000.0,513300.0,4614.1708984375
2018-10-19,5040.0,4930.0,4960.0,5030.0,639300.0,4641.85595703125
2018-10-22,5020.0,4930.0,4995.0,5010.0,472500.0,4623.39892578125
2018-10-23,4925.0,4725.0,4910.0,4730.0,1030700.0,4365.005859375
2018-10-24,4840.0,4725.0,4780.0,4810.0,1021700.0,4438.83251953125
2018-10-25,4705.0,4605.0,4670.0,4620.0,964700.0,4263.494140625
2018-10-26,4655.0,4530.0,4640.0,4585.0,799800.0,4231.19482421875
2018-10-29,4715.0,4630.0,4645.0,4660.0,557900.0,4300.40771484375
2018-10-30,4720.0,4585.0,4595.0,4705.0,688500.0,4341.9345703125
2018-10-31,4845.0,4735.0,4775.0,4835.0,911200.0,4461.9033203125
2018-11-01,4930.0,4805.0,4835.0,4925.0,707100.0,4544.95849609375
2018-11-02,5060.0,4895.0,4940.0,5040.0,931300.0,4651.083984375
2018-11-05,5220.0,4920.0,4985.0,5120.0,1328600.0,4724.9111328125
2018-11-06,5150.0,5070.0,5130.0,5120.0,671300.0,4724.9111328125
2018-11-07,5140.0,4995.0,5110.0,5010.0,744500.0,4623.39892578125
2018-11-08,5140.0,4810.0,5100.0,5010.0,1533000.0,4623.39892578125
2018-11-09,5170.0,5040.0,5090.0,5050.0,937500.0,4660.3125
2018-11-12,5050.0,4915.0,4975.0,5040.0,620200.0,4651.083984375
2018-11-13,4940.0,4800.0,4940.0,4830.0,956300.0,4457.2890625
2018-11-14,4875.0,4820.0,4845.0,4850.0,650700.0,4475.74560546875
2018-11-15,4860.0,4780.0,4800.0,4805.0,709700.0,4434.21826171875
2018-11-16,4840.0,4780.0,4790.0,4805.0,938200.0,4434.21826171875
2018-11-19,4885.0,4780.0,4780.0,4855.0,572600.0,4480.3603515625
2018-11-20,4870.0,4770.0,4785.0,4855.0,573300.0,4480.3603515625
2018-11-21,4865.0,4780.0,4785.0,4835.0,500000.0,4461.9033203125
2018-11-22,4940.0,4845.0,4895.0,4930.0,486100.0,4549.57275390625
2018-11-23,4930.0,4930.0,4930.0,4930.0,0.0,4549.57275390625
2018-11-26,5100.0,4990.0,4990.0,5080.0,760500.0,4687.99755859375
2018-11-27,5050.0,4965.0,5050.0,5020.0,671600.0,4632.62744140625
2018-11-28,5050.0,4885.0,5050.0,4905.0,851000.0,4526.50146484375
2018-11-29,4980.0,4920.0,4960.0,4960.0,653000.0,4577.2568359375
2018-11-30,5050.0,4945.0,4965.0,4990.0,1219200.0,4604.94287109375
2018-12-03,5070.0,5000.0,5050.0,5010.0,594500.0,4623.39892578125
2018-12-04,5010.0,4815.0,5000.0,4815.0,825100.0,4443.4462890625
2018-12-05,4975.0,4780.0,4810.0,4975.0,926400.0,4591.10009765625
2018-12-06,4985.0,4885.0,4930.0,4980.0,1016000.0,4595.7138671875
2018-12-07,5010.0,4775.0,5000.0,4850.0,1311100.0,4475.74560546875
2018-12-10,4860.0,4730.0,4805.0,4835.0,855600.0,4461.9033203125
2018-12-11,4800.0,4680.0,4790.0,4785.0,952400.0,4415.76171875
2018-12-12,4885.0,4790.0,4790.0,4875.0,927100.0,4498.81689453125
2018-12-13,5080.0,4905.0,4910.0,5060.0,1024000.0,4669.541015625
2018-12-14,5090.0,4930.0,5040.0,4950.0,1280400.0,4568.029296875
2018-12-17,4990.0,4910.0,4945.0,4955.0,738500.0,4572.6435546875
2018-12-18,4885.0,4790.0,4885.0,4800.0,1127400.0,4429.60400390625
2018-12-19,4945.0,4830.0,4895.0,4900.0,1030000.0,4521.88720703125
2018-12-20,4915.0,4710.0,4865.0,4730.0,799700.0,4365.005859375
2018-12-21,4740.0,4625.0,4685.0,4650.0,1157400.0,4291.1787109375
2018-12-24,4650.0,4650.0,4650.0,4650.0,0.0,4291.1787109375
2018-12-25,4515.0,4390.0,4505.0,4405.0,728100.0,4065.084228515625
2018-12-26,4525.0,4385.0,4420.0,4460.0,665600.0,4115.8408203125
2018-12-27,4770.0,4615.0,4615.0,4745.0,802200.0,4378.84814453125
2018-12-28,4750.0,4665.0,4730.0,4705.0,632300.0,4341.9345703125
2018-12-31,4705.0,4705.0,4705.0,4705.0,0.0,4341.9345703125
2019-01-04,4685.0,4590.0,4640.0,4675.0,731700.0,4314.25
2019-01-07,4870.0,4785.0,4820.0,4805.0,585800.0,4434.21826171875
2019-01-08,4800.0,4715.0,4800.0,4735.0,806300.0,4369.61962890625
2019-01-09,4810.0,4705.0,4800.0,4750.0,731500.0,4383.46240234375
2019-01-10,4845.0,4720.0,4745.0,4805.0,854700.0,4434.21826171875
2019-01-11,4850.0,4750.0,4825.0,4815.0,811500.0,4443.4462890625
2019-01-15,4955.0,4815.0,4855.0,4915.0,1025600.0,4535.73046875
2019-01-16,4985.0,4790.0,4970.0,4815.0,771000.0,4443.4462890625
2019-01-17,4915.0,4825.0,4855.0,4850.0,591600.0,4475.74560546875
2019-01-18,5030.0,4915.0,4950.0,4990.0,814800.0,4604.94287109375
2019-01-21,5110.0,5030.0,5060.0,5070.0,648600.0,4678.76953125
2019-01-22,5170.0,5070.0,5130.0,5130.0,702700.0,4734.1396484375
2019-01-23,5130.0,5050.0,5110.0,5060.0,525600.0,4669.541015625
2019-01-24,5110.0,5050.0,5080.0,5110.0,512700.0,4715.6826171875
2019-01-25,5110.0,5030.0,5060.0,5110.0,807500.0,4715.6826171875
2019-01-28,5130.0,5030.0,5120.0,5050.0,446200.0,4660.3125
2019-01-29,5110.0,5020.0,5040.0,5090.0,585300.0,4697.2255859375
2019-01-30,5130.0,5080.0,5090.0,5120.0,746600.0,4724.9111328125
2019-01-31,5220.0,5080.0,5170.0,5110.0,752600.0,4715.6826171875
2019-02-01,5180.0,5100.0,5100.0,5150.0,586800.0,4752.59619140625
2019-02-04,5200.0,5130.0,5160.0,5200.0,539400.0,4798.73779296875
2019-02-05,5200.0,5110.0,5190.0,5140.0,437100.0,4743.36767578125
2019-02-06,5160.0,5090.0,5140.0,5120.0,499500.0,4724.9111328125
2019-02-07,5140.0,4815.0,5080.0,4850.0,1279600.0,4475.74560546875
2019-02-08,5020.0,4790.0,4820.0,4935.0,1370700.0,4554.1875
2019-02-12,4945.0,4825.0,4880.0,4880.0,837600.0,4503.4306640625
2019-02-13,4910.0,4825.0,4885.0,4870.0,749900.0,4494.2021484375
2019-02-14,5040.0,4975.0,5000.0,5000.0,931200.0,4614.1708984375
2019-02-15,4985.0,4910.0,4960.0,4940.0,626400.0,4558.80029296875
2019-02-18,5020.0,4955.0,5010.0,4970.0,636900.0,4586.486328125
2019-02-19,5020.0,4935.0,4965.0,5010.0,770000.0,4623.39892578125
2019-02-20,5070.0,4990.0,5000.0,5030.0,593400.0,4641.85595703125
2019-02-21,5090.0,5010.0,5030.0,5040.0,448900.0,4651.083984375
2019-02-22,5110.0,5010.0,5040.0,5090.0,438000.0,4697.2255859375
2019-02-25,5150.0,5100.0,5100.0,5110.0,429100.0,4715.6826171875
2019-02-26,5140.0,5090.0,5110.0,5140.0,562900.0,4743.36767578125
2019-02-27,5310.0,5190.0,5190.0,5300.0,1122700.0,4891.02099609375
2019-02-28,5300.0,5230.0,5250.0,5260.0,728900.0,4854.10791015625
2019-03-01,5300.0,5220.0,5290.0,5280.0,483600.0,4872.564453125
2019-03-04,5330.0,5240.0,5330.0,5290.0,422800.0,4881.79248046875
2019-03-05,5320.0,5250.0,5260.0,5310.0,372100.0,4900.24951171875
2019-03-06,5310.0,5240.0,5290.0,5250.0,495100.0,4844.8798828125
2019-03-07,5260.0,5160.0,5180.0,5220.0,658500.0,4817.19384765625
2019-03-08,5230.0,5140.0,5160.0,5150.0,846300.0,4752.59619140625
2019-03-11,5170.0,5120.0,5120.0,5160.0,233300.0,4761.82373046875
2019-03-12,5230.0,5160.0,5170.0,5170.0,260900.0,4771.052734375
2019-03-13,5230.0,5130.0,5190.0,5140.0,184300.0,4743.36767578125
2019-03-14,5240.0,5190.0,5220.0,5210.0,252400.0,4807.96630859375
2019-03-15,5220.0,5170.0,5200.0,5190.0,717700.0,4789.509765625
2019-03-18,5250.0,5190.0,5230.0,5210.0,206700.0,4807.96630859375
2019-03-19,5250.0,5170.0,5240.0,5200.0,197300.0,4798.73779296875
2019-03-20,5210.0,5150.0,5170.0,5190.0,418200.0,4789.509765625
2019-03-22,5270.0,5210.0,5250.0,5250.0,486400.0,4844.8798828125
2019-03-25,5160.0,5030.0,5160.0,5060.0,351400.0,4669.541015625
2019-03-26,5290.0,5120.0,5140.0,5260.0,429400.0,4854.10791015625
2019-03-27,5270.0,5210.0,5250.0,5250.0,325500.0,4910.224609375
2019-03-28,5210.0,5100.0,5210.0,5110.0,292600.0,4779.28515625
2019-03-29,5160.0,5090.0,5120.0,5140.0,388800.0,4807.34375
2019-04-01,5200.0,5130.0,5170.0,5170.0,402600.0,4835.40185546875
2019-04-02,5210.0,5060.0,5210.0,5070.0,408900.0,4741.8740234375
2019-04-03,5050.0,4950.0,5050.0,5030.0,375400.0,4704.462890625
2019-04-04,5010.0,4955.0,4985.0,4955.0,342700.0,4634.31640625
2019-04-05,5010.0,4935.0,4980.0,4965.0,496200.0,4643.66943359375
2019-04-08,4995.0,4920.0,4985.0,4930.0,215200.0,4610.93505859375
2019-04-09,4870.0,4820.0,4870.0,4835.0,366100.0,4522.0830078125
2019-04-10,4785.0,4725.0,4780.0,4755.0,293700.0,4447.2607421875
2019-04-11,4775.0,4725.0,4750.0,4770.0,301900.0,4461.28955078125
2019-04-12,4805.0,4730.0,4800.0,4765.0,718200.0,4456.61328125
2019-04-15,4835.0,4795.0,4810.0,4810.0,523600.0,4498.70068359375
2019-04-16,4905.0,4830.0,4835.0,4875.0,678100.0,4559.494140625
2019-04-17,4855.0,4770.0,4850.0,4780.0,711500.0,4470.642578125
2019-04-18,4845.0,4760.0,4805.0,4775.0,576400.0,4465.9658203125
2019-04-19,4820.0,4755.0,4795.0,4760.0,303700.0,4451.9375
2019-04-22,4835.0,4750.0,4750.0,4830.0,377400.0,4517.40673828125
2019-04-23,4890.0,4810.0,4830.0,4875.0,541200.0,4559.494140625
2019-04-24,4935.0,4790.0,4905.0,4795.0,661500.0,4484.671875
2019-04-25,4870.0,4770.0,4800.0,4865.0,436400.0,4550.1416015625
2019-04-26,4890.0,4795.0,4805.0,4875.0,560900.0,4559.494140625
2019-05-07,4825.0,4760.0,4815.0,4815.0,855400.0,4503.37744140625
2019-05-08,4820.0,4720.0,4795.0,4750.0,715700.0,4442.583984375
2019-05-09,4715.0,4585.0,4710.0,4650.0,784300.0,4349.05615234375
2019-05-10,4900.0,4600.0,4655.0,4835.0,1887200.0,4522.0830078125
2019-05-13,4960.0,4805.0,4870.0,4820.0,1102300.0,4508.05419921875
2019-05-14,4715.0,4570.0,4705.0,4640.0,1782300.0,4339.70361328125
2019-05-15,4500.0,4395.0,4450.0,4430.0,2099400.0,4143.2939453125
2019-05-16,4540.0,4420.0,4430.0,4525.0,989000.0,4232.146484375
2019-05-17,4505.0,4430.0,4455.0,4440.0,1485000.0,4152.64697265625
2019-05-20,4495.0,4405.0,4410.0,4445.0,937800.0,4157.32373046875
2019-05-21,4415.0,4345.0,4350.0,4355.0,1291400.0,4073.1484375
2019-05-22,4390.0,4330.0,4370.0,4335.0,1179600.0,4054.4423828125
2019-05-23,4235.0,4145.0,4230.0,4160.0,1565600.0,3890.768310546875
2019-05-24,4185.0,4090.0,4105.0,4165.0,1107100.0,3895.44482421875
2019-05-27,4195.0,4130.0,4165.0,4185.0,744600.0,3914.150634765625
2019-05-28,4170.0,4075.0,4170.0,4090.0,2470500.0,3825.299072265625
2019-05-29,4080.0,3980.0,4020.0,4065.0,1158200.0,3801.9169921875
2019-05-30,4110.0,4015.0,4035.0,4105.0,915200.0,3839.328125
2019-05-31,4055.0,3950.0,4045.0,3965.0,1766400.0,3708.388671875
2019-06-03,4065.0,3945.0,3950.0,4065.0,1126000.0,3801.9169921875
2019-06-04,4180.0,4085.0,4165.0,4120.0,1308700.0,3853.357177734375
2019-06-05,4175.0,4065.0,4175.0,4130.0,1386900.0,3862.7099609375
2019-06-06,4165.0,4105.0,4120.0,4115.0,885400.0,3848.680908203125
2019-06-07,4140.0,4060.0,4085.0,4140.0,996100.0,3872.06298828125
2019-06-10,4180.0,4135.0,4140.0,4145.0,844000.0,3876.7392578125
2019-06-11,4205.0,4125.0,4145.0,4175.0,745100.0,3904.7978515625
2019-06-12,4140.0,4060.0,4080.0,4120.0,989100.0,3853.357177734375
2019-06-13,4145.0,4070.0,4100.0,4135.0,992800.0,3867.38671875
2019-06-14,4145.0,4095.0,4135.0,4100.0,1105000.0,3834.651611328125
2019-06-17,4145.0,4050.0,4120.0,4050.0,993300.0,3787.887451171875
2019-06-18,4040.0,3950.0,4000.0,3990.0,1245600.0,3731.770751953125
2019-06-19,4060.0,4000.0,4040.0,4005.0,1227900.0,3745.7998046875
2019-06-20,4060.0,3990.0,4025.0,4030.0,1064800.0,3769.18212890625
2019-06-21,4025.0,3885.0,4025.0,3925.0,1736400.0,3670.977783203125
2019-06-24,3960.0,3900.0,3925.0,3945.0,527900.0,3689.68310546875
2019-06-25,4005.0,3880.0,3980.0,3900.0,918300.0,3647.595458984375
2019-06-26,3935.0,3870.0,3920.0,3895.0,844200.0,3642.919189453125
2019-06-27,3955.0,3865.0,3890.0,3955.0,1158600.0,3699.0361328125
2019-06-28,3950.0,3870.0,3950.0,3915.0,1040600.0,3661.624755859375
2019-07-01,4000.0,3955.0,3970.0,3990.0,972800.0,3731.770751953125
2019-07-02,4095.0,4010.0,4010.0,4060.0,1234400.0,3797.240478515625
2019-07-03,4090.0,4030.0,4060.0,4090.0,1062200.0,3825.299072265625
2019-07-04,4135.0,4100.0,4100.0,4125.0,614900.0,3858.03369140625
2019-07-05,4180.0,4115.0,4170.0,4140.0,795800.0,3872.06298828125
2019-07-08,4155.0,4060.0,4130.0,4080.0,746100.0,3815.946044921875
2019-07-09,4130.0,4025.0,4100.0,4030.0,857400.0,3769.18212890625
2019-07-10,3985.0,3925.0,3985.0,3935.0,1397400.0,3680.330078125
2019-07-11,3940.0,3880.0,3900.0,3935.0,894600.0,3680.330078125
2019-07-12,3970.0,3915.0,3940.0,3915.0,741200.0,3661.624755859375
2019-07-16,3890.0,3800.0,3865.0,3800.0,1266200.0,3554.0673828125
2019-07-17,3830.0,3755.0,3765.0,3815.0,1363900.0,3568.096435546875
2019-07-18,3790.0,3710.0,3745.0,3735.0,1333200.0,3493.274169921875
2019-07-19,3805.0,3735.0,3735.0,3795.0,1303200.0,3549.39111328125
2019-07-22,3860.0,3800.0,3805.0,3805.0,794500.0,3558.743896484375
2019-07-23,3835.0,3755.0,3785.0,3820.0,779000.0,3572.77294921875
2019-07-24,3795.0,3730.0,3750.0,3735.0,1222200.0,3493.274169921875
2019-07-25,3780.0,3715.0,3760.0,3770.0,860200.0,3526.009033203125
2019-07-26,3730.0,3675.0,3700.0,3690.0,963100.0,3451.1865234375
2019-07-29,3695.0,3630.0,3675.0,3640.0,671100.0,3404.422607421875
2019-07-30,3700.0,3620.0,3620.0,3685.0,840400.0,3446.51025390625
2019-07-31,3795.0,3690.0,3700.0,3770.0,1239200.0,3526.009033203125
2019-08-01,3815.0,3760.0,3770.0,3775.0,847200.0,3530.685302734375
2019-08-02,3720.0,3655.0,3675.0,3685.0,866700.0,3446.51025390625
2019-08-05,3865.0,3575.0,3635.0,3810.0,2185300.0,3563.42041015625
2019-08-06,3845.0,3635.0,3675.0,3785.0,2153000.0,3540.0380859375
2019-08-07,3735.0,3625.0,3725.0,3650.0,1282500.0,3413.775146484375
2019-08-08,3800.0,3650.0,3660.0,3735.0,1158100.0,3493.274169921875
2019-08-09,3770.0,3700.0,3765.0,3730.0,995000.0,3488.59765625
2019-08-13,3710.0,3630.0,3695.0,3640.0,1232800.0,3404.422607421875
2019-08-14,3700.0,3650.0,3680.0,3655.0,863500.0,3418.451904296875
2019-08-15,3580.0,3525.0,3570.0,3560.0,918400.0,3329.60009765625
2019-08-16,3615.0,3530.0,3565.0,3605.0,892200.0,3371.6875
2019-08-19,3680.0,3620.0,3650.0,3655.0,639300.0,3418.451904296875
2019-08-20,3685.0,3625.0,3635.0,3680.0,468000.0,3441.833740234375
2019-08-21,3635.0,3605.0,3620.0,3625.0,652600.0,3390.393310546875
2019-08-22,3710.0,3630.0,3650.0,3700.0,935500.0,3460.539306640625
2019-08-23,3770.0,3700.0,3745.0,3715.0,615800.0,3474.568603515625
2019-08-26,3680.0,3605.0,3620.0,3665.0,743500.0,3427.804443359375
2019-08-27,3710.0,3660.0,3700.0,3665.0,572200.0,3427.804443359375
2019-08-28,3675.0,3640.0,3660.0,3645.0,456700.0,3409.0986328125
2019-08-29,3740.0,3670.0,3690.0,3730.0,744100.0,3488.59765625
2019-08-30,3780.0,3745.0,3780.0,3760.0,956400.0,3516.65625
2019-09-02,3775.0,3735.0,3775.0,3765.0,558200.0,3521.33251953125
2019-09-03,3775.0,3730.0,3775.0,3765.0,458000.0,3521.33251953125
2019-09-04,3760.0,3670.0,3760.0,3690.0,886700.0,3451.1865234375
2019-09-05,3750.0,3685.0,3710.0,3725.0,1103400.0,3483.92138671875
2019-09-06,3775.0,3730.0,3735.0,3770.0,756000.0,3526.009033203125
2019-09-09,3915.0,3755.0,3780.0,3900.0,1354500.0,3647.595458984375
2019-09-10,4035.0,3925.0,3960.0,3950.0,1634000.0,3694.359375
2019-09-11,4105.0,3995.0,4005.0,4100.0,1588800.0,3834.651611328125
2019-09-12,4160.0,4080.0,4155.0,4080.0,1189100.0,3815.946044921875
2019-09-13,4155.0,4020.0,4095.0,4140.0,1626200.0,3872.06298828125
2019-09-17,4240.0,4160.0,4170.0,4170.0,1094000.0,3900.121337890625
2019-09-18,4150.0,4050.0,4150.0,4070.0,1075500.0,3806.59326171875
2019-09-19,4195.0,4080.0,4085.0,4165.0,1245500.0,3895.44482421875
2019-09-20,4215.0,4135.0,4210.0,4165.0,1793200.0,3895.44482421875
2019-09-24,4250.0,4170.0,4175.0,4190.0,1082800.0,3918.826904296875
2019-09-25,4240.0,4160.0,4195.0,4225.0,1089700.0,3951.561767578125
2019-09-26,4345.0,4260.0,4315.0,4270.0,1421300.0,3993.649658203125
2019-09-27,4235.0,4135.0,4205.0,4225.0,1423200.0,4012.644287109375
2019-09-30,4230.0,4145.0,4225.0,4185.0,785000.0,3974.65478515625
2019-10-01,4230.0,4145.0,4200.0,4160.0,715800.0,3950.9111328125
2019-10-02,4155.0,4105.0,4130.0,4130.0,787100.0,3922.4189453125
2019-10-03,4080.0,4025.0,4060.0,4060.0,667300.0,3855.9375
2019-10-04,4040.0,3940.0,4025.0,4025.0,1047500.0,3822.696533203125
2019-10-07,4025.0,3960.0,4025.0,3970.0,600000.0,3770.461181640625
2019-10-08,4030.0,3975.0,3985.0,3975.0,757500.0,3775.209716796875
2019-10-09,3960.0,3905.0,3930.0,3960.0,673000.0,3760.963623046875
2019-10-10,3990.0,3910.0,3965.0,3980.0,623500.0,3779.958251953125
2019-10-11,4080.0,3990.0,4020.0,4075.0,810700.0,3870.18359375
2019-10-15,4185.0,4120.0,4160.0,4160.0,961900.0,3950.9111328125
2019-10-16,4290.0,4215.0,4255.0,4230.0,1047900.0,4017.39306640625
2019-10-17,4325.0,4175.0,4190.0,4300.0,1468100.0,4083.874755859375
2019-10-18,4290.0,4175.0,4290.0,4185.0,984500.0,3974.65478515625
2019-10-21,4250.0,4185.0,4215.0,4195.0,670200.0,3984.15234375
2019-10-23,4255.0,4160.0,4245.0,4240.0,629000.0,4026.890380859375
2019-10-24,4415.0,4255.0,4265.0,4380.0,1406300.0,4159.85400390625
2019-10-25,4400.0,4340.0,4400.0,4380.0,937700.0,4159.85400390625
2019-10-28,4370.0,4220.0,4370.0,4240.0,1292000.0,4026.890380859375
2019-10-29,4325.0,4260.0,4260.0,4320.0,744100.0,4102.86962890625
2019-10-30,4335.0,4260.0,4315.0,4310.0,1414800.0,4093.371826171875
2019-10-31,4340.0,4280.0,4340.0,4300.0,636700.0,4083.874755859375
2019-11-01,4260.0,4210.0,4235.0,4235.0,568500.0,4022.1416015625
2019-11-05,4350.0,4280.0,4305.0,4330.0,1009100.0,4112.36669921875
2019-11-06,4460.0,4365.0,4385.0,4460.0,1148100.0,4235.8330078125
2019-11-07,4495.0,4415.0,4455.0,4435.0,1171700.0,4212.08935546875
2019-11-08,4510.0,4200.0,4505.0,4380.0,1659700.0,4159.85400390625
2019-11-11,4315.0,4210.0,4300.0,4240.0,1547300.0,4026.890380859375
2019-11-12,4295.0,4180.0,4240.0,4285.0,1651200.0,4069.62841796875
2019-11-13,4320.0,4240.0,4280.0,4310.0,934700.0,4093.371826171875
2019-11-14,4280.0,4210.0,4270.0,4210.0,704800.0,3998.398193359375
2019-11-15,4300.0,4230.0,4230.0,4255.0,1081600.0,4041.13671875
2019-11-18,4245.0,4170.0,4245.0,4230.0,715200.0,4017.39306640625
2019-11-19,4225.0,4150.0,4220.0,4175.0,967900.0,3965.157470703125
2019-11-20,4185.0,4115.0,4145.0,4130.0,762400.0,3922.4189453125
2019-11-21,4190.0,4115.0,4135.0,4165.0,755600.0,3955.659912109375
2019-11-22,4240.0,4165.0,4165.0,4230.0,961700.0,4017.39306640625
2019-11-25,4355.0,4255.0,4275.0,4355.0,1042100.0,4136.1103515625
2019-11-26,4365.0,4240.0,4365.0,4240.0,1751800.0,4026.890380859375
2019-11-27,4280.0,4245.0,4265.0,4255.0,748900.0,4041.13671875
2019-11-28,4290.0,4240.0,4280.0,4285.0,754100.0,4069.62841796875
2019-11-29,4320.0,4275.0,4300.0,4295.0,882200.0,4079.1259765625
2019-12-02,4350.0,4310.0,4310.0,4345.0,658000.0,4126.61279296875
2019-12-03,4330.0,4270.0,4290.0,4290.0,693900.0,4074.376953125
2019-12-04,4330.0,4260.0,4275.0,4325.0,716600.0,4107.61767578125
2019-12-05,4465.0,4340.0,4350.0,4460.0,1049400.0,4235.8330078125
2019-12-06,4635.0,4515.0,4515.0,4565.0,1893800.0,4335.55517578125
2019-12-09,4630.0,4530.0,4620.0,4565.0,756100.0,4335.55517578125
2019-12-10,4595.0,4500.0,4595.0,4510.0,828100.0,4283.31982421875
2019-12-11,4550.0,4515.0,4535.0,4540.0,739900.0,4311.8115234375
2019-12-12,4635.0,4570.0,4590.0,4595.0,1178800.0,4364.04736328125
2019-12-13,4675.0,4580.0,4665.0,4600.0,1200100.0,4368.7958984375
2019-12-16,4595.0,4525.0,4555.0,4540.0,695200.0,4311.8115234375
2019-12-17,4575.0,4495.0,4570.0,4525.0,780200.0,4297.56591796875
2019-12-18,4540.0,4490.0,4540.0,4510.0,718000.0,4283.31982421875
2019-12-19,4520.0,4445.0,4500.0,4460.0,620500.0,4235.8330078125
2019-12-20,4485.0,4425.0,4470.0,4465.0,670600.0,4240.58154296875
2019-12-23,4490.0,4460.0,4490.0,4465.0,461500.0,4240.58154296875
2019-12-24,4525.0,4475.0,4505.0,4510.0,647600.0,4283.31982421875
2019-12-25,4550.0,4485.0,4545.0,4525.0,633400.0,4297.56591796875
2019-12-26,4585.0,4505.0,4510.0,4585.0,612700.0,4354.55029296875
2019-12-27,4640.0,4610.0,4630.0,4615.0,611400.0,4383.04248046875
2019-12-30,4610.0,4535.0,4610.0,4545.0,674300.0,4316.56005859375
2020-01-06,4495.0,4430.0,4495.0,4480.0,870800.0,4254.8271484375
2020-01-07,4590.0,4485.0,4500.0,4585.0,741600.0,4354.55029296875
2020-01-08,4520.0,4420.0,4515.0,4480.0,946300.0,4254.8271484375
2020-01-09,4555.0,4475.0,4550.0,4510.0,743100.0,4283.31982421875
2020-01-10,4570.0,4480.0,4555.0,4500.0,726200.0,4273.822265625
2020-01-14,4595.0,4500.0,4530.0,4585.0,1032300.0,4354.55029296875
2020-01-15,4575.0,4500.0,4570.0,4510.0,736200.0,4283.31982421875
2020-01-16,4510.0,4455.0,4505.0,4500.0,770400.0,4273.822265625
2020-01-17,4585.0,4515.0,4520.0,4560.0,741500.0,4330.806640625
2020-01-20,4595.0,4535.0,4550.0,4590.0,529100.0,4359.298828125
2020-01-21,4645.0,4580.0,4605.0,4600.0,698700.0,4368.7958984375
2020-01-22,4640.0,4590.0,4620.0,4635.0,737900.0,4402.03662109375
2020-01-23,4605.0,4550.0,4600.0,4560.0,772600.0,4330.806640625
2020-01-24,4625.0,4575.0,4610.0,4595.0,641700.0,4364.04736328125
2020-01-27,4545.0,4480.0,4525.0,4490.0,742800.0,4264.3251953125
2020-01-28,4470.0,4420.0,4435.0,4450.0,681700.0,4226.3349609375
2020-01-29,4425.0,4315.0,4405.0,4420.0,1042200.0,4197.84326171875
2020-01-30,4470.0,4345.0,4430.0,4385.0,647900.0,4164.6025390625
2020-01-31,4465.0,4380.0,4420.0,4410.0,955500.0,4188.345703125
2020-02-03,4390.0,4310.0,4360.0,4360.0,941300.0,4140.85888671875
2020-02-04,4435.0,4315.0,4340.0,4430.0,811300.0,4207.34033203125
2020-02-05,4490.0,4445.0,4470.0,4470.0,577500.0,4245.33056640625
2020-02-06,4595.0,4480.0,4500.0,4575.0,1090800.0,4345.052734375
2020-02-07,4590.0,4440.0,4570.0,4465.0,1529000.0,4240.58154296875
2020-02-10,4435.0,4385.0,4410.0,4400.0,1056700.0,4178.8486328125
2020-02-12,4410.0,4225.0,4410.0,4230.0,1343800.0,4017.39306640625
2020-02-13,4260.0,4200.0,4225.0,4255.0,915100.0,4041.13671875
2020-02-14,4250.0,4205.0,4230.0,4245.0,611500.0,4031.638916015625
2020-02-17,4195.0,4135.0,4195.0,4150.0,734800.0,3941.413818359375
2020-02-18,4130.0,4075.0,4090.0,4120.0,964200.0,3912.921630859375
2020-02-19,4120.0,4055.0,4100.0,4085.0,1218200.0,3879.680908203125
2020-02-20,4125.0,4060.0,4125.0,4070.0,791000.0,3865.434814453125
2020-02-21,4065.0,3990.0,4005.0,4010.0,1343100.0,3808.450439453125
2020-02-25,3910.0,3830.0,3840.0,3850.0,1194200.0,3656.492431640625
2020-02-26,3900.0,3795.0,3800.0,3890.0,1360500.0,3694.481689453125
2020-02-27,3880.0,3760.0,3860.0,3790.0,1351900.0,3599.50830078125
2020-02-28,3710.0,3625.0,3690.0,3695.0,2108100.0,3509.282958984375
2020-03-02,3750.0,3605.0,3610.0,3695.0,1635400.0,3509.282958984375
2020-03-03,3755.0,3630.0,3740.0,3630.0,1568800.0,3447.550048828125
2020-03-04,3695.0,3605.0,3605.0,3640.0,1268100.0,3457.04736328125
2020-03-05,3695.0,3620.0,3685.0,3630.0,828600.0,3447.550048828125
2020-03-06,3610.0,3490.0,3600.0,3510.0,1575200.0,3333.581298828125
2020-03-09,3425.0,3285.0,3370.0,3320.0,1418300.0,3153.130859375
2020-03-10,3365.0,3175.0,3250.0,3330.0,2204500.0,3162.62841796875
2020-03-11,3405.0,3295.0,3330.0,3330.0,1344300.0,3162.62841796875
2020-03-12,3310.0,3160.0,3260.0,3220.0,1660600.0,3058.157470703125
2020-03-13,3165.0,2904.0,2968.0,3050.0,2274500.0,2896.70166015625
2020-03-16,3145.0,2976.0,3095.0,2983.0,1392200.0,2833.0693359375
2020-03-17,3005.0,2817.0,2890.0,2930.0,1996200.0,2782.73291015625
2020-03-18,3055.0,2905.0,2942.0,2905.0,2094900.0,2758.98974609375
2020-03-19,3010.0,2887.0,2919.0,2900.0,2125000.0,2754.240966796875
2020-03-23,2924.0,2755.0,2888.0,2854.0,2011300.0,2710.552978515625
2020-03-24,2974.0,2854.0,2913.0,2942.0,1531200.0,2794.1298828125
2020-03-25,3330.0,3145.0,3175.0,3330.0,1568100.0,3162.62841796875
2020-03-26,3240.0,3080.0,3200.0,3180.0,1125200.0,3020.167724609375
2020-03-27,3395.0,3265.0,3390.0,3395.0,1414700.0,3224.361328125
2020-03-30,3360.0,3110.0,3260.0,3355.0,990300.0,3248.568359375
2020-03-31,3385.0,3250.0,3325.0,3305.0,1420900.0,3200.154541015625
2020-04-01,3345.0,3140.0,3265.0,3175.0,843700.0,3074.278564453125
2020-04-02,3205.0,3135.0,3135.0,3150.0,896500.0,3050.07177734375
2020-04-03,3165.0,3050.0,3115.0,3090.0,848100.0,2991.974853515625
2020-04-06,3275.0,3055.0,3095.0,3245.0,1016300.0,3142.05810546875
2020-04-07,3405.0,3210.0,3315.0,3305.0,1216400.0,3200.154541015625
2020-04-08,3370.0,3245.0,3345.0,3350.0,989000.0,3243.72705078125
2020-04-09,3385.0,3315.0,3350.0,3360.0,635800.0,3253.40966796875
2020-04-10,3415.0,3325.0,3385.0,3410.0,806400.0,3301.823486328125
2020-04-13,3380.0,3260.0,3360.0,3265.0,614400.0,3161.423583984375
2020-04-14,3200.0,3105.0,3160.0,3180.0,1316800.0,3079.119873046875
2020-04-15,3245.0,3145.0,3190.0,3225.0,970000.0,3122.692138671875
2020-04-16,3185.0,3100.0,3165.0,3120.0,773500.0,3021.023193359375
2020-04-17,3180.0,3065.0,3095.0,3150.0,904900.0,3050.07177734375
2020-04-20,3125.0,3055.0,3075.0,3090.0,724600.0,2991.974853515625
2020-04-21,3145.0,3020.0,3050.0,3130.0,993500.0,3030.7060546875
2020-04-22,3160.0,3080.0,3100.0,3145.0,825200.0,3045.230224609375
2020-04-23,3250.0,3160.0,3160.0,3245.0,700800.0,3142.05810546875
2020-04-24,3280.0,3190.0,3275.0,3225.0,585000.0,3122.692138671875
2020-04-27,3300.0,3235.0,3260.0,3300.0,587800.0,3195.31298828125
2020-04-28,3315.0,3250.0,3300.0,3315.0,663100.0,3209.837158203125
2020-04-30,3420.0,3355.0,3385.0,3385.0,1166700.0,3277.616455078125
2020-05-01,3390.0,3235.0,3385.0,3245.0,899900.0,3142.05810546875
2020-05-07,3380.0,3250.0,3270.0,3360.0,1301200.0,3253.40966796875
2020-05-08,3500.0,3405.0,3415.0,3495.0,960300.0,3384.127197265625
2020-05-11,3540.0,3420.0,3470.0,3535.0,980600.0,3422.858154296875
2020-05-12,3545.0,3490.0,3515.0,3520.0,793400.0,3408.333984375
2020-05-13,3660.0,3400.0,3495.0,3475.0,2567900.0,3364.761474609375
2020-05-14,3600.0,3440.0,3445.0,3485.0,1706400.0,3374.4443359375
2020-05-15,3595.0,3450.0,3560.0,3530.0,1193100.0,3418.0166015625
2020-05-18,3640.0,3540.0,3570.0,3610.0,878300.0,3495.47900390625
2020-05-19,3700.0,3635.0,3680.0,3675.0,1086900.0,3558.4169921875
2020-05-20,3790.0,3670.0,3680.0,3755.0,1181600.0,3635.87890625
2020-05-21,3755.0,3680.0,3745.0,3685.0,882600.0,3568.099609375
2020-05-22,3705.0,3615.0,3695.0,3640.0,556600.0,3524.527099609375
2020-05-25,3710.0,3590.0,3685.0,3620.0,802100.0,3505.16162109375
2020-05-26,3710.0,3625.0,3655.0,3700.0,759700.0,3582.623779296875
2020-05-27,3760.0,3680.0,3695.0,3715.0,1076100.0,3597.14794921875
2020-05-28,3825.0,3720.0,3770.0,3775.0,1322300.0,3655.244384765625
2020-05-29,3795.0,3710.0,3715.0,3740.0,2002200.0,3621.354736328125
2020-06-01,3840.0,3765.0,3775.0,3805.0,800600.0,3684.292724609375
2020-06-02,3865.0,3815.0,3830.0,3835.0,784900.0,3713.341064453125
2020-06-03,3935.0,3850.0,3880.0,3910.0,1292900.0,3785.9619140625
2020-06-04,3980.0,3845.0,3950.0,3910.0,984300.0,3785.9619140625
2020-06-05,4025.0,3905.0,3915.0,4015.0,1155100.0,3887.630859375
2020-06-08,4160.0,4065.0,4110.0,4160.0,1196600.0,4028.031005859375
2020-06-09,4230.0,4155.0,4155.0,4205.0,1222700.0,4071.603515625
2020-06-10,4155.0,4015.0,4135.0,4045.0,1252900.0,3916.67919921875
2020-06-11,4050.0,3950.0,3960.0,3965.0,1108000.0,3839.217041015625
2020-06-12,3940.0,3815.0,3870.0,3915.0,988700.0,3790.80322265625
2020-06-15,3905.0,3790.0,3880.0,3790.0,626300.0,3669.768798828125
2020-06-16,3965.0,3810.0,3840.0,3935.0,904800.0,3810.168701171875
2020-06-17,3960.0,3880.0,3945.0,3900.0,605800.0,3776.279052734375
2020-06-18,3955.0,3855.0,3875.0,3925.0,756700.0,3800.486083984375
2020-06-19,3985.0,3915.0,3980.0,3965.0,639300.0,3839.217041015625
2020-06-22,3965.0,3915.0,3935.0,3925.0,439400.0,3800.486083984375
2020-06-23,3980.0,3885.0,3945.0,3930.0,502500.0,3805.327392578125
2020-06-24,3965.0,3905.0,3940.0,3950.0,732400.0,3824.69287109375
2020-06-25,3880.0,3775.0,3880.0,3790.0,954600.0,3669.768798828125
2020-06-26,3930.0,3835.0,3855.0,3900.0,696500.0,3776.279052734375
2020-06-29,3920.0,3840.0,3845.0,3905.0,694100.0,3781.12060546875
2020-06-30,3985.0,3920.0,3980.0,3920.0,955500.0,3795.64453125
2020-07-01,3915.0,3805.0,3885.0,3815.0,718300.0,3693.9755859375
2020-07-02,3905.0,3825.0,3845.0,3860.0,770700.0,3737.548095703125
2020-07-03,3890.0,3795.0,3870.0,3835.0,548600.0,3713.341064453125
2020-07-06,3910.0,3830.0,3845.0,3905.0,784500.0,3781.12060546875
2020-07-07,3960.0,3845.0,3960.0,3875.0,843700.0,3752.072265625
2020-07-08,3895.0,3840.0,3855.0,3840.0,600400.0,3718.1826171875
2020-07-09,3865.0,3780.0,3800.0,3855.0,831900.0,3732.706787109375
2020-07-10,3850.0,3780.0,3840.0,3780.0,906500.0,3660.0859375
2020-07-13,3910.0,3830.0,3840.0,3880.0,725100.0,3756.91357421875
2020-07-14,3910.0,3850.0,3855.0,3870.0,487600.0,3747.230712890625
2020-07-15,3950.0,3865.0,3895.0,3890.0,604900.0,3766.59619140625
2020-07-16,3970.0,3885.0,3905.0,3895.0,707400.0,3771.437744140625
2020-07-17,3940.0,3895.0,3895.0,3915.0,817500.0,3790.80322265625
2020-07-20,3925.0,3870.0,3925.0,3875.0,687300.0,3752.072265625
2020-07-21,3880.0,3790.0,3870.0,3820.0,1086200.0,3698.81689453125
2020-07-22,3875.0,3820.0,3825.0,3840.0,770300.0,3718.1826171875
2020-07-27,3850.0,3795.0,3820.0,3845.0,739400.0,3723.023681640625
2020-07-28,3855.0,3820.0,3835.0,3835.0,570800.0,3713.341064453125
2020-07-29,3855.0,3775.0,3815.0,3835.0,678100.0,3713.341064453125
2020-07-30,3860.0,3820.0,3845.0,3835.0,765800.0,3713.341064453125
2020-07-31,3780.0,3610.0,3770.0,3620.0,1098800.0,3505.16162109375
2020-08-03,3650.0,3555.0,3605.0,3580.0,1038400.0,3466.4306640625
2020-08-04,3640.0,3550.0,3560.0,3605.0,1781500.0,3490.637451171875
2020-08-05,3660.0,3470.0,3600.0,3500.0,1925500.0,3388.96826171875
2020-08-06,3555.0,3415.0,3430.0,3495.0,1242200.0,3384.127197265625
2020-08-07,3475.0,3390.0,3425.0,3400.0,1330100.0,3292.140869140625
2020-08-11,3495.0,3395.0,3445.0,3485.0,1490600.0,3374.4443359375
2020-08-12,3555.0,3490.0,3510.0,3535.0,858600.0,3422.858154296875
2020-08-13,3615.0,3520.0,3530.0,3585.0,833500.0,3471.27197265625
2020-08-14,3610.0,3530.0,3600.0,3545.0,488700.0,3432.540771484375
2020-08-17,3585.0,3515.0,3550.0,3515.0,417300.0,3403.49267578125
2020-08-18,3550.0,3495.0,3520.0,3535.0,575700.0,3422.858154296875
2020-08-19,3540.0,3480.0,3510.0,3535.0,553000.0,3422.858154296875
2020-08-20,3545.0,3485.0,3495.0,3505.0,467600.0,3393.809814453125
2020-08-21,3570.0,3500.0,3515.0,3505.0,480500.0,3393.809814453125
2020-08-24,3520.0,3460.0,3495.0,3495.0,436100.0,3384.127197265625
2020-08-25,3605.0,3530.0,3560.0,3590.0,742100.0,3476.11328125
2020-08-26,3595.0,3545.0,3585.0,3580.0,543600.0,3466.4306640625
2020-08-27,3590.0,3535.0,3570.0,3540.0,439700.0,3427.699462890625
2020-08-28,3660.0,3530.0,3585.0,3565.0,767300.0,3451.906494140625
2020-08-31,3685.0,3605.0,3605.0,3665.0,1203800.0,3548.734130859375
2020-09-01,3675.0,3625.0,3665.0,3650.0,560800.0,3534.2099609375
2020-09-02,3675.0,3605.0,3675.0,3610.0,432900.0,3495.47900390625
2020-09-03,3685.0,3640.0,3680.0,3645.0,363400.0,3529.368408203125
2020-09-04,3665.0,3585.0,3615.0,3645.0,568300.0,3529.368408203125
2020-09-07,3650.0,3590.0,3645.0,3595.0,521500.0,3480.95458984375
2020-09-08,3600.0,3530.0,3595.0,3560.0,674200.0,3447.065185546875
2020-09-09,3545.0,3480.0,3490.0,3535.0,710500.0,3422.858154296875
2020-09-10,3615.0,3530.0,3535.0,3615.0,721200.0,3500.320068359375
2020-09-11,3675.0,3600.0,3615.0,3675.0,956500.0,3558.4169921875
2020-09-14,3815.0,3725.0,3730.0,3790.0,688700.0,3669.768798828125
2020-09-15,3800.0,3720.0,3785.0,3720.0,507500.0,3601.9892578125
2020-09-16,3695.0,3645.0,3695.0,3675.0,565100.0,3558.4169921875
2020-09-17,3725.0,3670.0,3690.0,3675.0,474000.0,3558.4169921875
2020-09-18,3780.0,3700.0,3710.0,3765.0,1075100.0,3645.561767578125
2020-09-23,3745.0,3690.0,3715.0,3710.0,784600.0,3592.306396484375
2020-09-24,3715.0,3680.0,3690.0,3680.0,465500.0,3563.25830078125
2020-09-25,3735.0,3655.0,3725.0,3675.0,564500.0,3558.4169921875
2020-09-28,3740.0,3665.0,3705.0,3735.0,689600.0,3616.513427734375
2020-09-29,3665.0,3595.0,3645.0,3650.0,652200.0,3596.804931640625
2020-09-30,3625.0,3550.0,3625.0,3550.0,713900.0,3498.262451171875
2020-10-02,3550.0,3435.0,3550.0,3460.0,978200.0,3409.573974609375
2020-10-05,3610.0,3530.0,3550.0,3555.0,834100.0,3503.189453125
2020-10-06,3625.0,3555.0,3570.0,3615.0,724200.0,3562.31494140625
2020-10-07,3645.0,3590.0,3595.0,3640.0,665300.0,3586.95068359375
2020-10-08,3705.0,3645.0,3660.0,3685.0,708200.0,3631.294921875
2020-10-09,3700.0,3610.0,3695.0,3620.0,624800.0,3567.2421875
2020-10-12,3590.0,3560.0,3590.0,3580.0,700400.0,3527.8251953125
2020-10-13,3590.0,3545.0,3550.0,3560.0,611700.0,3508.11669921875
2020-10-14,3540.0,3495.0,3530.0,3530.0,775200.0,3478.5537109375
2020-10-15,3540.0,3495.0,3535.0,3500.0,585500.0,3448.990966796875
2020-10-16,3515.0,3480.0,3495.0,3480.0,484500.0,3429.282470703125
2020-10-19,3510.0,3460.0,3470.0,3485.0,385200.0,3434.209716796875
2020-10-20,3470.0,3410.0,3465.0,3410.0,585500.0,3360.302734375
2020-10-21,3460.0,3420.0,3435.0,3430.0,383300.0,3380.01123046875
2020-10-22,3410.0,3360.0,3385.0,3360.0,737700.0,3311.031494140625
2020-10-23,3405.0,3340.0,3375.0,3380.0,458900.0,3330.739990234375
2020-10-26,3430.0,3365.0,3385.0,3400.0,403600.0,3350.448486328125
2020-10-27,3385.0,3325.0,3380.0,3345.0,559300.0,3296.25
2020-10-28,3305.0,3235.0,3285.0,3285.0,624100.0,3237.12451171875
2020-10-29,3295.0,3225.0,3240.0,3265.0,515700.0,3217.416015625
2020-10-30,3295.0,3220.0,3260.0,3245.0,1061100.0,3197.70751953125
2020-11-02,3345.0,3270.0,3280.0,3280.0,698500.0,3232.197265625
2020-11-04,3350.0,3290.0,3330.0,3325.0,709900.0,3276.54150390625
2020-11-05,3345.0,3255.0,3300.0,3335.0,548300.0,3286.395751953125
2020-11-06,3415.0,3310.0,3330.0,3385.0,689400.0,3335.6669921875
2020-11-09,3455.0,3400.0,3410.0,3440.0,632000.0,3389.865478515625
2020-11-10,3575.0,3495.0,3510.0,3560.0,958100.0,3508.11669921875
2020-11-11,3740.0,3615.0,3670.0,3650.0,1562200.0,3596.804931640625
2020-11-12,3640.0,3545.0,3590.0,3590.0,1378300.0,3537.679443359375
2020-11-13,3620.0,3470.0,3590.0,3480.0,1059100.0,3429.282470703125
2020-11-16,3550.0,3455.0,3465.0,3540.0,956200.0,3488.407958984375
2020-11-17,3655.0,3595.0,3610.0,3630.0,1072700.0,3577.096435546875
2020-11-18,3645.0,3535.0,3625.0,3565.0,825400.0,3513.043701171875
2020-11-19,3605.0,3470.0,3525.0,3600.0,1011500.0,3547.53369140625
2020-11-20,3570.0,3525.0,3550.0,3550.0,635400.0,3498.262451171875
2020-11-24,3695.0,3620.0,3620.0,3650.0,924500.0,3596.804931640625
2020-11-25,3790.0,3705.0,3720.0,3720.0,1132100.0,3665.78466796875
2020-11-26,3700.0,3640.0,3690.0,3670.0,737200.0,3616.513427734375
2020-11-27,3725.0,3660.0,3680.0,3725.0,1219600.0,3670.7119140625
2020-11-30,3750.0,3665.0,3730.0,3690.0,2284900.0,3636.221923828125
2020-12-01,3800.0,3655.0,3760.0,3700.0,1155500.0,3646.076171875
2020-12-02,3745.0,3675.0,3730.0,3690.0,1087500.0,3636.221923828125
2020-12-03,3765.0,3710.0,3710.0,3720.0,831300.0,3665.78466796875
2020-12-04,3815.0,3720.0,3720.0,3775.0,702500.0,3719.983154296875
2020-12-07,3835.0,3780.0,3815.0,3785.0,654700.0,3729.83740234375
2020-12-08,3810.0,3745.0,3745.0,3800.0,616500.0,3744.618896484375
2020-12-09,3835.0,3785.0,3790.0,3820.0,555300.0,3764.327392578125
2020-12-10,3850.0,3810.0,3830.0,3815.0,739400.0,3759.400146484375
2020-12-11,3845.0,3710.0,3835.0,3715.0,927700.0,3660.857666015625
2020-12-14,3780.0,3715.0,3715.0,3760.0,551400.0,3705.201904296875
2020-12-15,3755.0,3710.0,3715.0,3715.0,602900.0,3660.857666015625
2020-12-16,3705.0,3650.0,3670.0,3650.0,648600.0,3596.804931640625
2020-12-17,3635.0,3555.0,3620.0,3575.0,713400.0,3522.89794921875
2020-12-18,3570.0,3520.0,3550.0,3570.0,913300.0,3517.970947265625
2020-12-21,3585.0,3475.0,3570.0,3505.0,634700.0,3453.918212890625
2020-12-22,3495.0,3440.0,3490.0,3460.0,786800.0,3409.573974609375
2020-12-23,3470.0,3430.0,3460.0,3450.0,499900.0,3399.7197265625
2020-12-24,3510.0,3455.0,3490.0,3465.0,457600.0,3414.501220703125
2020-12-25,3520.0,3475.0,3515.0,3495.0,277300.0,3444.06396484375
2020-12-28,3535.0,3470.0,3525.0,3525.0,594000.0,3473.626708984375
2020-12-29,3590.0,3510.0,3520.0,3590.0,640000.0,3537.679443359375
2020-12-30,3585.0,3525.0,3560.0,3555.0,558400.0,3503.189453125
2021-01-04,3590.0,3500.0,3580.0,3530.0,599200.0,3478.5537109375
2021-01-05,3495.0,3455.0,3480.0,3460.0,776400.0,3409.573974609375
2021-01-06,3525.0,3435.0,3440.0,3515.0,691500.0,3463.7724609375
2021-01-07,3590.0,3545.0,3555.0,3550.0,1017000.0,3498.262451171875
2021-01-08,3565.0,3515.0,3565.0,3555.0,992200.0,3503.189453125
2021-01-12,3560.0,3510.0,3525.0,3550.0,862700.0,3498.262451171875
2021-01-13,3555.0,3510.0,3530.0,3540.0,798000.0,3488.407958984375
2021-01-14,3610.0,3495.0,3500.0,3595.0,1070500.0,3542.6064453125
2021-01-15,3650.0,3560.0,3620.0,3565.0,1069800.0,3513.043701171875
2021-01-18,3600.0,3545.0,3565.0,3560.0,605500.0,3508.11669921875
2021-01-19,3590.0,3535.0,3560.0,3560.0,813600.0,3508.11669921875
2021-01-20,3580.0,3535.0,3560.0,3550.0,902000.0,3498.262451171875
2021-01-21,3615.0,3550.0,3560.0,3585.0,803500.0,3532.752197265625
2021-01-22,3655.0,3580.0,3590.0,3610.0,878100.0,3557.387939453125
2021-01-25,3625.0,3490.0,3620.0,3500.0,982800.0,3448.990966796875
2021-01-26,3505.0,3455.0,3500.0,3465.0,834900.0,3414.501220703125
2021-01-27,3525.0,3475.0,3475.0,3515.0,777900.0,3463.7724609375
2021-01-28,3480.0,3415.0,3420.0,3435.0,1967500.0,3384.938232421875
2021-01-29,3480.0,3385.0,3450.0,3385.0,1101400.0,3335.6669921875
2021-02-01,3470.0,3390.0,3395.0,3440.0,592100.0,3389.865478515625
2021-02-02,3450.0,3420.0,3440.0,3440.0,519300.0,3389.865478515625
2021-02-03,3530.0,3480.0,3480.0,3530.0,625400.0,3478.5537109375
2021-02-04,3535.0,3490.0,3515.0,3510.0,528800.0,3458.84521484375
2021-02-05,3560.0,3505.0,3540.0,3545.0,739800.0,3493.335205078125
2021-02-08,3790.0,3560.0,3570.0,3790.0,1694300.0,3734.7646484375
2021-02-09,3960.0,3755.0,3770.0,3900.0,1895400.0,3843.161376953125
2021-02-10,3925.0,3800.0,3860.0,3820.0,926500.0,3764.327392578125
2021-02-12,3860.0,3750.0,3850.0,3785.0,720000.0,3729.83740234375
2021-02-15,3890.0,3815.0,3835.0,3875.0,841900.0,3818.52587890625
2021-02-16,3960.0,3860.0,3905.0,3890.0,990000.0,3833.30712890625
2021-02-17,3890.0,3815.0,3890.0,3820.0,669600.0,3764.327392578125
2021-02-18,3835.0,3730.0,3805.0,3750.0,760300.0,3695.347412109375
2021-02-19,3790.0,3720.0,3735.0,3770.0,559800.0,3715.05615234375
2021-02-22,3845.0,3785.0,3830.0,3790.0,493700.0,3734.7646484375
2021-02-24,3865.0,3770.0,3835.0,3780.0,962400.0,3724.910400390625
2021-02-25,3930.0,3860.0,3920.0,3910.0,852500.0,3853.015625
2021-02-26,3910.0,3745.0,3900.0,3755.0,1333300.0,3700.274658203125
2021-03-01,3845.0,3765.0,3785.0,3815.0,544400.0,3759.400146484375
2021-03-02,3835.0,3770.0,3810.0,3815.0,629400.0,3759.400146484375
2021-03-03,3855.0,3770.0,3805.0,3845.0,694200.0,3788.962890625
2021-03-04,3910.0,3820.0,3835.0,3865.0,581200.0,3808.671630859375
2021-03-05,3925.0,3850.0,3900.0,3900.0,707300.0,3843.161376953125
2021-03-08,4015.0,3920.0,3955.0,3955.0,860600.0,3897.35986328125
2021-03-09,4075.0,4000.0,4050.0,4055.0,852800.0,3995.90234375
2021-03-10,4075.0,3985.0,4000.0,4060.0,878500.0,4000.82958984375
2021-03-11,4180.0,4085.0,4100.0,4125.0,912700.0,4064.88232421875
2021-03-12,4170.0,4130.0,4160.0,4170.0,934400.0,4109.2265625
2021-03-15,4275.0,4190.0,4190.0,4240.0,853900.0,4178.2060546875
2021-03-16,4290.0,4220.0,4230.0,4255.0,747700.0,4192.98779296875
2021-03-17,4245.0,4190.0,4230.0,4220.0,596900.0,4158.49755859375
2021-03-18,4340.0,4255.0,4285.0,4300.0,813200.0,4237.33203125
2021-03-19,4380.0,4235.0,4275.0,4345.0,1309500.0,4281.67578125
2021-03-22,4405.0,4315.0,4345.0,4375.0,820300.0,4311.23876953125
2021-03-23,4430.0,4375.0,4375.0,4385.0,859100.0,4321.09326171875
2021-03-24,4375.0,4240.0,4350.0,4250.0,1037200.0,4188.060546875
2021-03-25,4420.0,4320.0,4320.0,4385.0,850900.0,4321.09326171875
2021-03-26,4465.0,4405.0,4430.0,4435.0,749600.0,4370.3642578125
2021-03-29,4530.0,4415.0,4530.0,4460.0,954700.0,4395.0
2021-03-30,4435.0,4345.0,4390.0,4425.0,568000.0,4425.0
2021-03-31,4370.0,4270.0,4365.0,4270.0,946300.0,4270.0
2021-04-01,4320.0,4220.0,4230.0,4235.0,802000.0,4235.0
2021-04-02,4260.0,4170.0,4250.0,4185.0,609000.0,4185.0
2021-04-05,4240.0,4180.0,4240.0,4215.0,333300.0,4215.0
2021-04-06,4250.0,4170.0,4245.0,4190.0,477900.0,4190.0
2021-04-07,4260.0,4180.0,4230.0,4215.0,729400.0,4215.0
2021-04-08,4265.0,4215.0,4250.0,4250.0,706400.0,4250.0
2021-04-09,4285.0,4215.0,4245.0,4230.0,647200.0,4230.0
2021-04-12,4285.0,4240.0,4260.0,4265.0,670400.0,4265.0
2021-04-13,4340.0,4265.0,4295.0,4275.0,588000.0,4275.0
2021-04-14,4210.0,4155.0,4205.0,4180.0,535800.0,4180.0
2021-04-15,4260.0,4210.0,4215.0,4225.0,299700.0,4225.0
2021-04-16,4230.0,4195.0,4230.0,4215.0,405500.0,4215.0
2021-04-19,4250.0,4205.0,4215.0,4230.0,387200.0,4230.0
2021-04-20,4200.0,4140.0,4200.0,4175.0,447000.0,4175.0
2021-04-21,4100.0,4045.0,4070.0,4090.0,571900.0,4090.0
2021-04-22,4160.0,4105.0,4135.0,4160.0,449600.0,4160.0
2021-04-23,4145.0,4100.0,4105.0,4140.0,318500.0,4140.0
2021-04-26,4160.0,4095.0,4145.0,4105.0,391500.0,4105.0
2021-04-27,4135.0,4085.0,4110.0,4110.0,587800.0,4110.0
2021-04-28,4130.0,4095.0,4125.0,4105.0,441400.0,4105.0
2021-04-30,4105.0,4025.0,4105.0,4030.0,761500.0,4030.0
2021-05-06,4180.0,4080.0,4100.0,4120.0,774800.0,4120.0
2021-05-07,4195.0,4145.0,4150.0,4175.0,467700.0,4175.0
2021-05-10,4250.0,4155.0,4180.0,4230.0,704500.0,4230.0
2021-05-11,4200.0,4100.0,4200.0,4150.0,608600.0,4150.0
2021-05-12,4145.0,4025.0,4130.0,4060.0,591100.0,4060.0
2021-05-13,4060.0,3950.0,4010.0,3965.0,588700.0,3965.0
2021-05-14,4125.0,3990.0,4010.0,4045.0,945100.0,4045.0
2021-05-17,4045.0,3815.0,4030.0,3875.0,1224300.0,3875.0
2021-05-18,3860.0,3805.0,3810.0,3835.0,916900.0,3835.0
2021-05-19,3935.0,3790.0,3795.0,3930.0,960900.0,3930.0
2021-05-20,3945.0,3885.0,3900.0,3905.0,460100.0,3905.0
2021-05-21,3995.0,3920.0,3925.0,3980.0,607000.0,3980.0
2021-05-24,4015.0,3945.0,3980.0,3955.0,335800.0,3955.0
2021-05-25,4000.0,3895.0,3995.0,3915.0,693100.0,3915.0
2021-05-26,3905.0,3840.0,3860.0,3890.0,609800.0,3890.0
2021-05-27,3915.0,3845.0,3880.0,3875.0,1487200.0,3875.0
2021-05-28,3920.0,3860.0,3875.0,3895.0,770400.0,3895.0
2021-05-31,3855.0,3805.0,3855.0,3820.0,679600.0,3820.0
2021-06-01,3860.0,3765.0,3845.0,3810.0,616100.0,3810.0
2021-06-02,3850.0,3760.0,3825.0,3835.0,749500.0,3835.0
2021-06-03,3890.0,3815.0,3825.0,3830.0,623400.0,3830.0
2021-06-04,3830.0,3795.0,3820.0,3815.0,678000.0,3815.0
2021-06-07,3860.0,3800.0,3825.0,3855.0,417200.0,3855.0
2021-06-08,3815.0,3765.0,3795.0,3780.0,687600.0,3780.0
2021-06-09,3820.0,3760.0,3785.0,3770.0,673100.0,3770.0
2021-06-10,3745.0,3690.0,3720.0,3740.0,914400.0,3740.0
2021-06-11,3735.0,3695.0,3725.0,3695.0,864900.0,3695.0
2021-06-14,3745.0,3645.0,3730.0,3650.0,713600.0,3650.0
2021-06-15,3675.0,3615.0,3640.0,3620.0,954000.0,3620.0
2021-06-16,3645.0,3590.0,3595.0,3620.0,965900.0,3620.0
2021-06-17,3630.0,3520.0,3605.0,3550.0,1054800.0,3550.0
2021-06-18,3595.0,3520.0,3565.0,3550.0,3062700.0,3550.0
2021-06-21,3540.0,3495.0,3510.0,3510.0,1066000.0,3510.0
2021-06-22,3615.0,3555.0,3580.0,3610.0,926100.0,3610.0
2021-06-23,3635.0,3550.0,3590.0,3615.0,1269000.0,3615.0
2021-06-24,3665.0,3610.0,3615.0,3665.0,972700.0,3665.0
2021-06-25,3715.0,3665.0,3705.0,3675.0,627900.0,3675.0
2021-06-28,3720.0,3690.0,3710.0,3710.0,663200.0,3710.0
2021-06-29,3705.0,3640.0,3685.0,3650.0,916000.0,3650.0
2021-06-30,3695.0,3640.0,3660.0,3640.0,1030900.0,3640.0
2021-07-01,3710.0,3640.0,3675.0,3640.0,732900.0,3640.0
2021-07-02,3695.0,3635.0,3635.0,3680.0,936200.0,3680.0
2021-07-05,3710.0,3665.0,3670.0,3700.0,609000.0,3700.0
2021-07-06,3750.0,3695.0,3730.0,3700.0,492500.0,3700.0
2021-07-07,3695.0,3640.0,3650.0,3685.0,715900.0,3685.0
2021-07-08,3710.0,3650.0,3680.0,3690.0,882600.0,3690.0
2021-07-09,3700.0,3610.0,3680.0,3685.0,1175500.0,3685.0
2021-07-12,3810.0,3755.0,3775.0,3790.0,905700.0,3790.0
2021-07-13,3830.0,3770.0,3800.0,3780.0,791100.0,3780.0
2021-07-14,3865.0,3775.0,3780.0,3855.0,927700.0,3855.0
2021-07-15,3905.0,3830.0,3865.0,3835.0,975800.0,3835.0
2021-07-16,3890.0,3840.0,3845.0,3850.0,825000.0,3850.0
2021-07-19,3865.0,3810.0,3820.0,3850.0,554000.0,3850.0
2021-07-20,3810.0,3755.0,3785.0,3785.0,694300.0,3785.0
2021-07-21,3870.0,3810.0,3855.0,3815.0,498800.0,3815.0
2021-07-26,3865.0,3780.0,3865.0,3780.0,501400.0,3780.0
