Date,High,Low,Open,Close,Volume,Adj Close
2015-01-05,4608.0,4506.0,4591.0,4586.0,1571900.0,3679.410888671875
2015-01-06,4467.0,4399.0,4454.0,4414.0,2995500.0,3541.413330078125
2015-01-07,4328.0,4253.0,4304.0,4286.0,3818700.0,3438.7158203125
2015-01-08,4324.0,4262.0,4320.0,4280.0,3284200.0,3433.90283203125
2015-01-09,4319.0,4232.0,4300.0,4282.0,2614800.0,3435.507568359375
2015-01-13,4258.0,4149.0,4240.0,4237.0,2488100.0,3399.403564453125
2015-01-14,4251.0,4188.0,4194.0,4240.0,2866400.0,3401.810302734375
2015-01-15,4243.0,4163.0,4178.0,4233.0,2980200.0,3396.193603515625
2015-01-16,4219.0,4146.0,4177.0,4219.0,3003600.0,3384.9619140625
2015-01-19,4257.0,4171.0,4248.0,4198.0,2167500.0,3368.113037109375
2015-01-20,4270.0,4191.0,4205.0,4259.0,2992800.0,3417.053955078125
2015-01-21,4259.0,4177.0,4224.0,4205.0,2194500.0,3373.7294921875
2015-01-22,4215.0,4128.0,4215.0,4176.0,2327800.0,3350.4619140625
2015-01-23,4238.0,4167.0,4228.0,4182.0,3004400.0,3355.27587890625
2015-01-26,4166.0,4093.0,4155.0,4163.0,2613500.0,3340.03173828125
2015-01-27,4234.0,4174.0,4175.0,4216.0,2034300.0,3382.5546875
2015-01-28,4161.0,4108.0,4142.0,4150.0,2074100.0,3329.602294921875
2015-01-29,4149.0,4093.0,4148.0,4114.0,1930800.0,3300.71923828125
2015-01-30,4290.0,4161.0,4274.0,4165.0,5010400.0,3341.63671875
2015-02-02,4137.0,4085.0,4101.0,4132.0,2239300.0,3315.160400390625
2015-02-03,4147.0,4058.0,4132.0,4063.0,3590700.0,3259.80078125
2015-02-04,4249.0,4070.0,4077.0,4194.0,3930500.0,3364.90380859375
2015-02-05,4392.0,4199.0,4209.0,4363.0,5724600.0,3500.494873046875
2015-02-06,4458.0,4353.0,4380.0,4363.0,3115800.0,3500.494873046875
2015-02-09,4457.0,4361.0,4429.0,4400.0,2276200.0,3530.180908203125
2015-02-10,4470.0,4382.0,4406.0,4461.0,2883700.0,3579.121826171875
2015-02-12,4606.0,4553.0,4560.0,4587.0,3547900.0,3680.213134765625
2015-02-13,4740.0,4634.0,4699.0,4669.0,3541100.0,3746.0029296875
2015-02-16,4813.0,4730.0,4733.0,4784.0,3160400.0,3838.269287109375
2015-02-17,4806.0,4735.0,4750.0,4773.0,2401200.0,3829.443115234375
2015-02-18,4904.0,4824.0,4833.0,4850.0,2219100.0,3891.22216796875
2015-02-19,4947.0,4900.0,4900.0,4925.0,2274300.0,3951.394775390625
2015-02-20,5006.0,4901.0,4957.0,4977.0,3184100.0,3993.11572265625
2015-02-23,5041.0,4834.0,5000.0,4910.0,3012100.0,3939.360107421875
2015-02-24,4905.0,4845.0,4871.0,4884.0,1801900.0,3918.499755859375
2015-02-25,4913.0,4797.0,4903.0,4822.0,2785100.0,3868.75634765625
2015-02-26,4905.0,4808.0,4820.0,4887.0,1874400.0,3920.90673828125
2015-02-27,5029.0,4933.0,5007.0,4955.0,3238300.0,3975.46435546875
2015-03-02,5021.0,4868.0,5006.0,4906.0,1899200.0,3936.151611328125
2015-03-03,4947.0,4842.0,4940.0,4893.0,1116400.0,3925.72119140625
2015-03-04,4861.0,4754.0,4840.0,4844.0,1885200.0,3886.40673828125
2015-03-05,4892.0,4834.0,4843.0,4875.0,1470200.0,3911.279541015625
2015-03-06,4959.0,4859.0,4885.0,4949.0,1812900.0,3970.650390625
2015-03-09,4953.0,4889.0,4948.0,4917.0,1571000.0,3944.976806640625
2015-03-10,4904.0,4762.0,4900.0,4821.0,2942600.0,3867.954345703125
2015-03-11,4869.0,4781.0,4788.0,4835.0,1302900.0,3879.1865234375
2015-03-12,5085.0,4854.0,4866.0,5020.0,3806100.0,4027.6142578125
2015-03-13,5231.0,5055.0,5086.0,5143.0,5541800.0,4126.29931640625
2015-03-16,5228.0,5113.0,5130.0,5136.0,1879700.0,4120.68359375
2015-03-17,5215.0,5122.0,5177.0,5140.0,1445500.0,4123.89208984375
2015-03-18,5267.0,5094.0,5141.0,5235.0,2322400.0,4200.1123046875
2015-03-19,5242.0,5097.0,5227.0,5155.0,1900900.0,4135.92724609375
2015-03-20,5183.0,5107.0,5144.0,5170.0,1436900.0,4147.96142578125
2015-03-23,5227.0,5164.0,5202.0,5187.0,1160700.0,4161.60107421875
2015-03-24,5250.0,5147.0,5204.0,5191.0,1698600.0,4164.810546875
2015-03-25,5210.0,5142.0,5150.0,5199.0,1510400.0,4171.2294921875
2015-03-26,5193.0,5117.0,5160.0,5166.0,1755500.0,4144.75244140625
2015-03-27,5191.0,5020.0,5132.0,5087.0,1433400.0,4086.511962890625
2015-03-30,5085.0,4975.0,5085.0,5061.0,1805300.0,4065.6259765625
2015-03-31,5123.0,4955.0,5090.0,4955.0,1542000.0,3980.4736328125
2015-04-01,5040.0,4918.0,4938.0,4966.0,1711200.0,3989.309326171875
2015-04-02,5088.0,4961.0,4970.0,5027.0,1715300.0,4038.3125
2015-04-03,5015.0,4932.0,4965.0,5004.0,1017700.0,4019.836669921875
2015-04-06,4989.0,4908.0,4960.0,4984.0,898500.0,4003.76953125
2015-04-07,5071.0,4976.0,5013.0,5020.0,1339900.0,4032.689208984375
2015-04-08,5089.0,5034.0,5050.0,5036.0,1447900.0,4045.5419921875
2015-04-09,5055.0,4979.0,5030.0,5001.0,1370300.0,4017.42529296875
2015-04-10,5042.0,4975.0,5000.0,4997.0,1257800.0,4014.212646484375
2015-04-13,5000.0,4932.0,4990.0,4990.0,781200.0,4008.589111328125
2015-04-14,5044.0,4973.0,4985.0,5026.0,1208400.0,4037.50927734375
2015-04-15,5032.0,4975.0,4992.0,5030.0,1197200.0,4040.72265625
2015-04-16,5373.0,5078.0,5080.0,5336.0,4132300.0,4286.53955078125
2015-04-17,5479.0,5310.0,5339.0,5394.0,2808700.0,4333.13232421875
2015-04-20,5436.0,5284.0,5330.0,5355.0,1534700.0,4301.802734375
2015-04-21,5498.0,5355.0,5386.0,5468.0,1943600.0,4392.578125
2015-04-22,5661.0,5490.0,5499.0,5630.0,3728400.0,4522.71728515625
2015-04-23,5685.0,5478.0,5675.0,5551.0,2397100.0,4459.25341796875
2015-04-24,5528.0,5432.0,5517.0,5459.0,1754300.0,4385.3486328125
2015-04-27,5517.0,5395.0,5472.0,5462.0,1604300.0,4387.75830078125
2015-04-28,5519.0,5430.0,5517.0,5450.0,1515200.0,4378.11865234375
2015-04-30,5405.0,5283.0,5386.0,5303.0,3242200.0,4260.029296875
2015-05-01,5336.0,5204.0,5259.0,5291.0,1667300.0,4250.3896484375
2015-05-07,5293.0,5216.0,5230.0,5255.0,1864800.0,4221.47021484375
2015-05-08,5404.0,5230.0,5280.0,5375.0,2537700.0,4317.86962890625
2015-05-11,5511.0,5360.0,5460.0,5371.0,1726600.0,4314.65576171875
2015-05-12,5416.0,5320.0,5369.0,5397.0,1491300.0,4335.54248046875
2015-05-13,5463.0,5333.0,5410.0,5390.0,1608800.0,4329.91845703125
2015-05-14,5424.0,5315.0,5370.0,5356.0,1861200.0,4302.60693359375
2015-05-15,5463.0,5239.0,5450.0,5374.0,1916800.0,4317.06591796875
2015-05-18,5538.0,5365.0,5375.0,5531.0,2257900.0,4443.18798828125
2015-05-19,5613.0,5544.0,5576.0,5589.0,2227300.0,4489.7802734375
2015-05-20,5698.0,5599.0,5689.0,5608.0,1757400.0,4505.04345703125
2015-05-21,5674.0,5497.0,5590.0,5623.0,2149700.0,4517.09375
2015-05-22,5636.0,5553.0,5620.0,5602.0,1055200.0,4500.224609375
2015-05-25,5643.0,5571.0,5638.0,5578.0,1239400.0,4480.9443359375
2015-05-26,5609.0,5528.0,5609.0,5559.0,1123500.0,4465.68115234375
2015-05-27,5613.0,5481.0,5565.0,5585.0,1493600.0,4486.56787109375
2015-05-28,5770.0,5540.0,5615.0,5764.0,2765000.0,4630.36181640625
2015-05-29,5729.0,5611.0,5697.0,5699.0,2519800.0,4578.146484375
2015-06-01,5750.0,5581.0,5633.0,5740.0,1387700.0,4611.08251953125
2015-06-02,5739.0,5586.0,5721.0,5615.0,1828200.0,4510.6669921875
2015-06-03,5548.0,5461.0,5540.0,5495.0,2954300.0,4414.26904296875
2015-06-04,5615.0,5479.0,5509.0,5550.0,1789200.0,4458.4501953125
2015-06-05,5526.0,5451.0,5480.0,5518.0,1056700.0,4432.74462890625
2015-06-08,5674.0,5502.0,5650.0,5538.0,1410700.0,4448.8115234375
2015-06-09,5488.0,5370.0,5480.0,5372.0,2016200.0,4315.45849609375
2015-06-10,5460.0,5344.0,5380.0,5366.0,2109900.0,4310.638671875
2015-06-11,5526.0,5400.0,5450.0,5415.0,1765600.0,4350.00244140625
2015-06-12,5480.0,5394.0,5408.0,5460.0,3150800.0,4386.1513671875
2015-06-15,5549.0,5460.0,5484.0,5532.0,1986000.0,4443.9912109375
2015-06-16,5450.0,5291.0,5440.0,5307.0,3491700.0,4263.2431640625
2015-06-17,5420.0,5336.0,5354.0,5353.0,2346800.0,4300.1962890625
2015-06-18,5352.0,5256.0,5321.0,5298.0,1527200.0,4256.01220703125
2015-06-19,5410.0,5321.0,5366.0,5379.0,1949300.0,4321.08203125
2015-06-22,5593.0,5428.0,5445.0,5579.0,2355900.0,4481.74658203125
2015-06-23,5727.0,5588.0,5679.0,5627.0,2564200.0,4520.306640625
2015-06-24,5718.0,5655.0,5699.0,5670.0,1785000.0,4554.849609375
2015-06-25,5678.0,5612.0,5628.0,5646.0,1410600.0,4535.5693359375
2015-06-26,5850.0,5617.0,5656.0,5822.0,2788900.0,4676.955078125
2015-06-29,5718.0,5600.0,5622.0,5655.0,2570800.0,4542.80029296875
2015-06-30,5660.0,5481.0,5657.0,5606.0,2221700.0,4503.4375
2015-07-01,5679.0,5571.0,5668.0,5633.0,1122400.0,4525.126953125
2015-07-02,5724.0,5640.0,5710.0,5681.0,1267900.0,4563.68701171875
2015-07-03,5830.0,5689.0,5724.0,5814.0,2192500.0,4670.52880859375
2015-07-06,5650.0,5551.0,5615.0,5609.0,2448300.0,4505.84716796875
2015-07-07,5688.0,5611.0,5680.0,5620.0,1215100.0,4514.68310546875
2015-07-08,5633.0,5348.0,5596.0,5363.0,2424100.0,4308.22900390625
2015-07-09,5382.0,5156.0,5263.0,5377.0,2537800.0,4319.47607421875
2015-07-10,5518.0,5326.0,5388.0,5404.0,1927900.0,4341.16650390625
2015-07-13,5546.0,5437.0,5475.0,5526.0,1493900.0,4439.17138671875
2015-07-14,5640.0,5582.0,5614.0,5630.0,1491500.0,4522.71728515625
2015-07-15,5703.0,5602.0,5703.0,5654.0,1234800.0,4541.99658203125
2015-07-16,5690.0,5612.0,5685.0,5681.0,1329800.0,4563.68701171875
2015-07-17,5876.0,5691.0,5695.0,5850.0,2834500.0,4699.44970703125
2015-07-21,5896.0,5808.0,5881.0,5890.0,1681600.0,4731.5810546875
2015-07-22,5780.0,5712.0,5780.0,5715.0,2252100.0,4591.0
2015-07-23,5780.0,5703.0,5740.0,5730.0,1003100.0,4603.048828125
2015-07-24,5745.0,5640.0,5740.0,5682.0,1227200.0,4564.48974609375
2015-07-27,5689.0,5582.0,5650.0,5673.0,1066700.0,4557.2607421875
2015-07-28,5641.0,5506.0,5620.0,5576.0,1565500.0,4479.33740234375
2015-07-29,5663.0,5566.0,5634.0,5580.0,1613200.0,4482.55078125
2015-07-30,5744.0,5630.0,5630.0,5699.0,1213800.0,4578.146484375
2015-07-31,5800.0,5700.0,5799.0,5758.0,2059900.0,4625.54296875
2015-08-03,5773.0,5596.0,5772.0,5700.0,1941800.0,4578.9501953125
2015-08-04,5728.0,5667.0,5694.0,5699.0,1461000.0,4578.146484375
2015-08-05,5786.0,5679.0,5700.0,5745.0,1385600.0,4615.09912109375
2015-08-06,5886.0,5752.0,5810.0,5759.0,1488700.0,4626.345703125
2015-08-07,5863.0,5731.0,5759.0,5858.0,993300.0,4705.87548828125
2015-08-10,5872.0,5745.0,5846.0,5872.0,912500.0,4717.1220703125
2015-08-11,5938.0,5803.0,5890.0,5857.0,1300600.0,4705.07177734375
2015-08-12,5890.0,5701.0,5845.0,5792.0,1479600.0,4652.85595703125
2015-08-13,5800.0,5671.0,5791.0,5727.0,1443100.0,4600.638671875
2015-08-14,5800.0,5722.0,5778.0,5743.0,1159100.0,4613.49365234375
2015-08-17,5781.0,5628.0,5755.0,5678.0,1425100.0,4561.2763671875
2015-08-18,5757.0,5670.0,5693.0,5725.0,1114700.0,4599.033203125
2015-08-19,5747.0,5614.0,5700.0,5619.0,1605900.0,4513.88037109375
2015-08-20,5615.0,5516.0,5575.0,5519.0,1328900.0,4433.5478515625
2015-08-21,5389.0,5252.0,5350.0,5311.0,2243300.0,4266.45703125
2015-08-24,5108.0,4879.0,5065.0,4901.0,3682200.0,3937.09375
2015-08-25,4999.0,4693.0,4790.0,4767.0,3128400.0,3829.447998046875
2015-08-26,4919.0,4700.0,4822.0,4876.0,2487300.0,3917.011474609375
2015-08-27,5043.0,4955.0,5000.0,4972.0,2219300.0,3994.1298828125
2015-08-28,5156.0,5090.0,5114.0,5121.0,1897300.0,4113.82470703125
2015-08-31,5056.0,4975.0,5050.0,5012.0,1772400.0,4026.261962890625
2015-09-01,5062.0,4898.0,5058.0,4898.0,2246800.0,3934.683837890625
2015-09-02,4902.0,4732.0,4752.0,4794.0,1981100.0,3851.137451171875
2015-09-03,4866.0,4725.0,4836.0,4740.0,1791100.0,3807.758544921875
2015-09-04,4773.0,4538.0,4766.0,4613.0,2530700.0,3705.736083984375
2015-09-07,4564.0,4483.0,4543.0,4537.0,2467800.0,3644.682861328125
2015-09-08,4607.0,4493.0,4541.0,4518.0,1949100.0,3629.419677734375
2015-09-09,4813.0,4632.0,4695.0,4788.0,2523200.0,3846.31787109375
2015-09-10,4790.0,4665.0,4672.0,4764.0,2303200.0,3827.037353515625
2015-09-11,4850.0,4732.0,4804.0,4826.0,2585300.0,3876.8447265625
2015-09-14,4811.0,4704.0,4800.0,4735.0,1250800.0,3803.741455078125
2015-09-15,4853.0,4656.0,4777.0,4656.0,1894900.0,3740.279052734375
2015-09-16,4723.0,4660.0,4699.0,4678.0,1076100.0,3757.9521484375
2015-09-17,4759.0,4663.0,4700.0,4733.0,1489200.0,3802.135009765625
2015-09-18,4724.0,4552.0,4690.0,4587.0,2268200.0,3684.849365234375
2015-09-24,4543.0,4313.0,4507.0,4332.0,4119000.0,3480.00146484375
2015-09-25,4568.0,4362.0,4398.0,4549.0,3942700.0,3654.322998046875
2015-09-28,4502.0,4378.0,4421.0,4423.0,2047200.0,3604.6103515625
2015-09-29,4320.0,4178.0,4300.0,4203.0,2797200.0,3425.31689453125
2015-09-30,4414.0,4271.0,4278.0,4374.0,2616900.0,3564.6767578125
2015-10-01,4537.0,4311.0,4366.0,4473.0,2146000.0,3645.3583984375
2015-10-02,4481.0,4389.0,4430.0,4465.0,1221800.0,3638.83837890625
2015-10-05,4534.0,4454.0,4487.0,4495.0,1087400.0,3663.2880859375
2015-10-06,4607.0,4500.0,4575.0,4505.0,1480400.0,3671.4375
2015-10-07,4622.0,4500.0,4500.0,4597.0,1540900.0,3746.41455078125
2015-10-08,4617.0,4517.0,4528.0,4569.0,1728400.0,3723.595703125
2015-10-09,4692.0,4592.0,4630.0,4677.0,1977300.0,3811.6123046875
2015-10-13,4635.0,4492.0,4605.0,4508.0,2361300.0,3673.88232421875
2015-10-14,4483.0,4383.0,4450.0,4415.0,2313500.0,3598.090087890625
2015-10-15,4502.0,4367.0,4380.0,4466.0,1907500.0,3639.654296875
2015-10-16,4581.0,4490.0,4520.0,4537.0,1512400.0,3697.516357421875
2015-10-19,4557.0,4470.0,4555.0,4477.0,1191700.0,3648.61865234375
2015-10-20,4570.0,4459.0,4500.0,4524.0,1609800.0,3686.92236328125
2015-10-21,4691.0,4500.0,4520.0,4661.0,2013700.0,3798.572509765625
2015-10-22,4701.0,4591.0,4598.0,4652.0,1042300.0,3791.238525390625
2015-10-23,4806.0,4728.0,4779.0,4735.0,1543600.0,3858.881103515625
2015-10-26,4859.0,4785.0,4825.0,4787.0,1235900.0,3901.259033203125
2015-10-27,4772.0,4663.0,4760.0,4668.0,1614300.0,3804.277099609375
2015-10-28,4725.0,4640.0,4674.0,4654.0,1173700.0,3792.8681640625
2015-10-29,4690.0,4607.0,4680.0,4653.0,3765700.0,3792.052978515625
2015-10-30,4775.0,4602.0,4679.0,4677.0,2281800.0,3811.6123046875
2015-11-02,4639.0,4535.0,4639.0,4594.0,1823600.0,3743.969482421875
2015-11-04,4743.0,4610.0,4648.0,4619.0,2005600.0,3764.343505859375
2015-11-05,4793.0,4676.0,4676.0,4769.0,1776600.0,3886.58984375
2015-11-06,4843.0,4785.0,4839.0,4828.0,1524200.0,3934.673095703125
2015-11-09,5067.0,4888.0,4901.0,5019.0,3610800.0,4090.33154296875
2015-11-10,5010.0,4925.0,4931.0,4996.0,2090100.0,4071.587158203125
2015-11-11,4987.0,4921.0,4930.0,4941.0,1800500.0,4026.76416015625
2015-11-12,4890.0,4816.0,4880.0,4878.0,1413400.0,3975.421875
2015-11-13,4802.0,4650.0,4650.0,4786.0,2352200.0,3900.44384765625
2015-11-16,4790.0,4679.0,4700.0,4752.0,1319700.0,3872.73486328125
2015-11-17,4829.0,4778.0,4815.0,4781.0,1467700.0,3896.369384765625
2015-11-18,4866.0,4761.0,4800.0,4769.0,1104000.0,3886.58984375
2015-11-19,4934.0,4847.0,4880.0,4869.0,1926000.0,3968.086181640625
2015-11-20,4840.0,4786.0,4838.0,4831.0,1267500.0,3937.1181640625
2015-11-24,4836.0,4786.0,4815.0,4820.0,1191700.0,3928.15283203125
2015-11-25,4844.0,4759.0,4804.0,4788.0,1312600.0,3902.0732421875
2015-11-26,4829.0,4758.0,4790.0,4809.0,1171700.0,3919.187744140625
2015-11-27,4834.0,4778.0,4810.0,4798.0,715500.0,3910.223388671875
2015-11-30,4789.0,4697.0,4780.0,4700.0,1675100.0,3830.357177734375
2015-12-01,4739.0,4646.0,4686.0,4736.0,1814800.0,3859.695556640625
2015-12-02,4825.0,4738.0,4740.0,4750.0,1412100.0,3871.1044921875
2015-12-03,4751.0,4704.0,4730.0,4738.0,1076900.0,3861.32568359375
2015-12-04,4679.0,4616.0,4640.0,4669.0,2080700.0,3805.0927734375
2015-12-07,4759.0,4680.0,4687.0,4711.0,1495800.0,3839.32080078125
2015-12-08,4722.0,4610.0,4716.0,4624.0,1699100.0,3768.41943359375
2015-12-09,4674.0,4586.0,4614.0,4645.0,1874300.0,3785.532958984375
2015-12-10,4623.0,4580.0,4605.0,4594.0,1711300.0,3743.969482421875
2015-12-11,4595.0,4502.0,4514.0,4580.0,2655000.0,3732.560302734375
2015-12-14,4466.0,4358.0,4429.0,4452.0,2218200.0,3628.244384765625
2015-12-15,4478.0,4411.0,4448.0,4411.0,1669200.0,3594.830322265625
2015-12-16,4655.0,4511.0,4513.0,4609.0,2452300.0,3756.19482421875
2015-12-17,4724.0,4655.0,4697.0,4668.0,1779300.0,3804.277099609375
2015-12-18,4756.0,4556.0,4700.0,4571.0,2306300.0,3725.225341796875
2015-12-21,4585.0,4487.0,4506.0,4567.0,1369800.0,3721.96484375
2015-12-22,4628.0,4535.0,4575.0,4570.0,1041700.0,3724.41064453125
2015-12-24,4673.0,4590.0,4633.0,4594.0,826600.0,3743.969482421875
2015-12-25,4594.0,4594.0,4594.0,4594.0,0.0,3743.969482421875
2015-12-28,4576.0,4486.0,4486.0,4546.0,939500.0,3704.85107421875
2015-12-29,4636.0,4525.0,4544.0,4620.0,1181800.0,3765.1591796875
2015-12-30,4685.0,4608.0,4648.0,4610.0,881300.0,3757.00927734375
2016-01-04,4623.0,4477.0,4531.0,4510.0,1373400.0,3675.511962890625
2016-01-05,4589.0,4490.0,4508.0,4531.0,1012200.0,3692.626708984375
2016-01-06,4561.0,4425.0,4560.0,4466.0,1343000.0,3639.654296875
2016-01-07,4474.0,4358.0,4439.0,4373.0,1347200.0,3563.861328125
2016-01-08,4414.0,4268.0,4323.0,4309.0,1719000.0,3511.70361328125
2016-01-12,4233.0,4127.0,4200.0,4129.0,2591200.0,3365.009033203125
2016-01-13,4267.0,4196.0,4215.0,4226.0,1664000.0,3444.060791015625
2016-01-14,4183.0,4064.0,4101.0,4171.0,1825800.0,3399.237548828125
2016-01-15,4246.0,4052.0,4227.0,4098.0,2474800.0,3339.744873046875
2016-01-18,4076.0,3957.0,3997.0,4059.0,1637900.0,3307.9609375
2016-01-19,4072.0,3973.0,4010.0,4044.0,1237800.0,3295.736328125
2016-01-20,4033.0,3892.0,4020.0,3906.0,2027300.0,3183.2705078125
2016-01-21,3955.0,3746.0,3902.0,3746.0,1992800.0,3052.8759765625
2016-01-22,3951.0,3850.0,3888.0,3926.0,2643400.0,3199.56982421875
2016-01-25,4047.0,3948.0,4034.0,3977.0,2478500.0,3241.134033203125
2016-01-26,3897.0,3817.0,3870.0,3868.0,1478500.0,3152.3017578125
2016-01-27,4013.0,3928.0,3965.0,3936.0,2612200.0,3207.719970703125
2016-01-28,3967.0,3868.0,3910.0,3882.0,1476000.0,3163.71142578125
2016-01-29,3980.0,3551.0,3900.0,3798.0,5456300.0,3095.25439453125
2016-02-01,3626.0,3481.0,3481.0,3558.0,5564400.0,2899.661376953125
2016-02-02,3628.0,3530.0,3562.0,3570.0,3908400.0,2909.44091796875
2016-02-03,3520.0,3359.0,3500.0,3379.0,3462600.0,2753.78173828125
2016-02-04,3450.0,3303.0,3310.0,3372.0,3548700.0,2748.076904296875
2016-02-05,3405.0,3287.0,3339.0,3325.0,3103600.0,2709.7734375
2016-02-08,3372.0,3206.0,3299.0,3332.0,2608500.0,2715.47802734375
2016-02-09,3151.0,3062.0,3150.0,3100.0,2901400.0,2526.405029296875
2016-02-10,3118.0,2915.0,3118.0,2942.0,4018100.0,2397.64013671875
2016-02-12,3064.0,2815.0,2830.0,2919.0,5707200.0,2378.89599609375
2016-02-15,3237.0,3073.0,3109.0,3190.0,3781200.0,2599.752685546875
2016-02-16,3409.0,3160.0,3165.0,3310.0,3617800.0,2697.548828125
2016-02-17,3423.0,3234.0,3308.0,3283.0,3296800.0,2675.545166015625
2016-02-18,3420.0,3300.0,3407.0,3364.0,2161600.0,2741.557373046875
2016-02-19,3328.0,3252.0,3328.0,3263.0,1750200.0,2659.24560546875
2016-02-22,3267.0,3136.0,3206.0,3245.0,1816000.0,2644.576171875
2016-02-23,3322.0,3231.0,3249.0,3255.0,2033800.0,2652.7255859375
2016-02-24,3296.0,3162.0,3179.0,3246.0,1758000.0,2645.391357421875
2016-02-25,3355.0,3213.0,3236.0,3313.0,1881900.0,2699.99365234375
2016-02-26,3395.0,3311.0,3342.0,3313.0,1605500.0,2699.99365234375
2016-02-29,3404.0,3286.0,3364.0,3287.0,1714500.0,2678.804931640625
2016-03-01,3294.0,3202.0,3255.0,3245.0,1876300.0,2644.576171875
2016-03-02,3459.0,3332.0,3338.0,3431.0,2350000.0,2796.160400390625
2016-03-03,3646.0,3454.0,3458.0,3612.0,2452100.0,2943.669921875
2016-03-04,3676.0,3586.0,3602.0,3633.0,1898800.0,2960.78369140625
2016-03-07,3639.0,3580.0,3622.0,3580.0,1352300.0,2917.590576171875
2016-03-08,3589.0,3450.0,3562.0,3478.0,2025100.0,2834.4638671875
2016-03-09,3421.0,3354.0,3407.0,3373.0,1534800.0,2748.892333984375
2016-03-10,3436.0,3368.0,3403.0,3418.0,1225300.0,2785.565673828125
2016-03-11,3521.0,3355.0,3360.0,3513.0,2391500.0,2862.987548828125
2016-03-14,3618.0,3547.0,3589.0,3576.0,1611800.0,2914.3310546875
2016-03-15,3671.0,3528.0,3556.0,3581.0,1828000.0,2918.40576171875
2016-03-16,3583.0,3433.0,3536.0,3449.0,2048600.0,2810.829833984375
2016-03-17,3563.0,3422.0,3450.0,3456.0,1853300.0,2816.5341796875
2016-03-18,3429.0,3325.0,3409.0,3403.0,2180900.0,2773.341552734375
2016-03-22,3450.0,3354.0,3413.0,3419.0,1622700.0,2786.380615234375
2016-03-23,3503.0,3374.0,3450.0,3381.0,1133700.0,2755.411865234375
2016-03-24,3380.0,3283.0,3370.0,3285.0,1396000.0,2677.1748046875
2016-03-25,3362.0,3250.0,3275.0,3345.0,1402700.0,2726.072998046875
2016-03-28,3383.0,3323.0,3364.0,3379.0,1021900.0,2753.78173828125
2016-03-29,3364.0,3304.0,3312.0,3347.0,988000.0,2781.203369140625
2016-03-30,3343.0,3207.0,3328.0,3221.0,1599400.0,2676.5029296875
2016-03-31,3351.0,3218.0,3242.0,3296.0,2023700.0,2738.82470703125
2016-04-01,3280.0,3142.0,3270.0,3152.0,1682300.0,2619.16748046875
2016-04-04,3231.0,3114.0,3140.0,3191.0,1688400.0,2651.574462890625
2016-04-05,3180.0,3042.0,3176.0,3051.0,1889900.0,2535.24072265625
2016-04-06,3104.0,3014.0,3029.0,3040.0,1327400.0,2526.1005859375
2016-04-07,3103.0,2985.0,3015.0,3043.0,1303600.0,2528.59326171875
2016-04-08,3090.0,2941.0,2983.0,3039.0,2627800.0,2525.269287109375
2016-04-11,2983.0,2897.0,2970.0,2944.0,2631000.0,2446.32861328125
2016-04-12,3155.0,2951.0,2953.0,3134.0,2296300.0,2604.210205078125
2016-04-13,3303.0,3170.0,3198.0,3285.0,2042100.0,2729.684326171875
2016-04-14,3416.0,3315.0,3374.0,3410.0,1698300.0,2833.5537109375
2016-04-15,3474.0,3394.0,3430.0,3439.0,2410200.0,2857.651123046875
2016-04-18,3330.0,3240.0,3241.0,3283.0,1652800.0,2728.0224609375
2016-04-19,3515.0,3371.0,3403.0,3498.0,2017500.0,2906.677490234375
2016-04-20,3584.0,3486.0,3544.0,3517.0,1659100.0,2922.465576171875
2016-04-21,3630.0,3504.0,3613.0,3577.0,2075200.0,2972.322998046875
2016-04-22,3886.0,3528.0,3531.0,3764.0,3807200.0,3127.7109375
2016-04-25,3865.0,3739.0,3787.0,3825.0,3384300.0,3178.3994140625
2016-04-26,3798.0,3673.0,3796.0,3731.0,2342400.0,3100.289794921875
2016-04-27,3769.0,3694.0,3740.0,3740.0,2063200.0,3107.76806640625
2016-04-28,3824.0,3431.0,3762.0,3446.0,3670500.0,2863.4677734375
2016-05-02,3343.0,3242.0,3250.0,3274.0,2660100.0,2720.5439453125
2016-05-06,3308.0,3201.0,3270.0,3222.0,2263300.0,2677.333984375
2016-05-09,3291.0,3220.0,3250.0,3239.0,1099800.0,2691.460693359375
2016-05-10,3360.0,3209.0,3259.0,3350.0,1968900.0,2783.696533203125
2016-05-11,3410.0,3322.0,3366.0,3331.0,1360900.0,2767.907958984375
2016-05-12,3406.0,3270.0,3294.0,3380.0,1804300.0,2808.624755859375
2016-05-13,3504.0,3354.0,3447.0,3360.0,2799600.0,2792.005859375
2016-05-16,3424.0,3306.0,3360.0,3387.0,2689900.0,2814.44189453125
2016-05-17,3469.0,3412.0,3412.0,3455.0,1646900.0,2870.946044921875
2016-05-18,3646.0,3455.0,3455.0,3613.0,3184900.0,3002.237060546875
2016-05-19,3736.0,3586.0,3706.0,3645.0,2258200.0,3028.82763671875
2016-05-20,3639.0,3559.0,3626.0,3610.0,1889200.0,2999.744140625
2016-05-23,3697.0,3558.0,3591.0,3688.0,2104500.0,3064.558837890625
2016-05-24,3655.0,3603.0,3635.0,3639.0,1515200.0,3023.841796875
2016-05-25,3700.0,3631.0,3692.0,3661.0,1317600.0,3042.123046875
2016-05-26,3773.0,3705.0,3705.0,3720.0,1792500.0,3091.1494140625
2016-05-27,3808.0,3721.0,3731.0,3797.0,1593100.0,3155.13232421875
2016-05-30,3850.0,3791.0,3840.0,3849.0,1465500.0,3198.34228515625
2016-05-31,3872.0,3780.0,3808.0,3857.0,1820000.0,3204.98974609375
2016-06-01,3873.0,3778.0,3830.0,3827.0,1681800.0,3180.0615234375
2016-06-02,3778.0,3674.0,3777.0,3691.0,1960400.0,3067.051513671875
2016-06-03,3768.0,3689.0,3690.0,3726.0,1603500.0,3096.135009765625
2016-06-06,3627.0,3576.0,3597.0,3622.0,1672200.0,3009.715576171875
2016-06-07,3673.0,3587.0,3628.0,3656.0,1095600.0,3037.96826171875
2016-06-08,3691.0,3596.0,3653.0,3686.0,1362200.0,3062.896728515625
2016-06-09,3670.0,3603.0,3652.0,3609.0,978200.0,2998.913330078125
2016-06-10,3588.0,3520.0,3576.0,3562.0,2049500.0,2959.858642578125
2016-06-13,3511.0,3418.0,3500.0,3418.0,1672100.0,2840.201171875
2016-06-14,3410.0,3353.0,3385.0,3394.0,1860000.0,2820.25830078125
2016-06-15,3503.0,3361.0,3377.0,3491.0,1912400.0,2900.8603515625
2016-06-16,3494.0,3416.0,3465.0,3446.0,2106200.0,2863.4677734375
2016-06-17,3494.0,3395.0,3479.0,3442.0,2233400.0,2860.143798828125
2016-06-20,3573.0,3456.0,3478.0,3566.0,1687900.0,2963.181884765625
2016-06-21,3631.0,3495.0,3543.0,3628.0,1668400.0,3014.701416015625
2016-06-22,3617.0,3528.0,3617.0,3551.0,1362400.0,2950.71826171875
2016-06-23,3608.0,3496.0,3500.0,3585.0,1748100.0,2978.97021484375
2016-06-24,3624.0,3241.0,3604.0,3290.0,3891800.0,2733.8388671875
2016-06-27,3318.0,3208.0,3300.0,3263.0,2564900.0,2711.4033203125
2016-06-28,3195.0,3067.0,3100.0,3151.0,2426900.0,2618.336181640625
2016-06-29,3265.0,3191.0,3231.0,3253.0,1489000.0,2703.09375
2016-06-30,3346.0,3280.0,3330.0,3298.0,1577400.0,2740.48681640625
2016-07-01,3330.0,3263.0,3324.0,3279.0,1261700.0,2724.698486328125
2016-07-04,3273.0,3208.0,3240.0,3245.0,1374300.0,2696.4462890625
2016-07-05,3215.0,3131.0,3186.0,3159.0,1827000.0,2624.984130859375
2016-07-06,3064.0,2958.0,3047.0,2993.0,2597200.0,2487.04541015625
2016-07-07,3048.0,2958.0,2967.0,2972.0,1875300.0,2469.595703125
2016-07-08,2984.0,2877.0,2963.0,2898.0,2217500.0,2408.10498046875
2016-07-11,2898.0,2898.0,2898.0,2898.0,0.0,2408.10498046875
2016-07-12,3367.0,3183.0,3200.0,3327.0,3680700.0,2764.58447265625
2016-07-13,3494.0,3381.0,3392.0,3474.0,3642300.0,2886.734375
2016-07-14,3507.0,3422.0,3459.0,3473.0,2047700.0,2885.903564453125
2016-07-15,3713.0,3518.0,3519.0,3625.0,2907900.0,3012.20849609375
2016-07-19,3650.0,3545.0,3633.0,3627.0,2258400.0,3013.870361328125
2016-07-20,3623.0,3540.0,3617.0,3619.0,1303700.0,3007.22265625
2016-07-21,3709.0,3627.0,3645.0,3658.0,1449500.0,3039.63037109375
2016-07-22,3660.0,3568.0,3578.0,3590.0,1251100.0,2983.125
2016-07-25,3665.0,3578.0,3602.0,3588.0,1133000.0,2981.46337890625
2016-07-26,3539.0,3458.0,3534.0,3480.0,1448800.0,2891.72021484375
2016-07-27,3531.0,3422.0,3485.0,3467.0,1965400.0,2880.917724609375
2016-07-28,3465.0,3372.0,3459.0,3403.0,1281400.0,2827.737060546875
2016-07-29,3546.0,3078.0,3083.0,3470.0,6083300.0,2883.41064453125
2016-08-01,3639.0,3374.0,3390.0,3611.0,3551600.0,3000.5751953125
2016-08-02,3590.0,3411.0,3547.0,3415.0,2435100.0,2837.707763671875
2016-08-03,3354.0,3210.0,3279.0,3230.0,2282300.0,2683.981689453125
2016-08-04,3377.0,3241.0,3252.0,3354.0,2365500.0,2787.019775390625
2016-08-05,3371.0,3303.0,3350.0,3321.0,1472300.0,2759.5986328125
2016-08-08,3530.0,3311.0,3350.0,3521.0,2562400.0,2925.78955078125
2016-08-09,3594.0,3511.0,3583.0,3550.0,2019500.0,2949.886962890625
2016-08-10,3565.0,3470.0,3525.0,3545.0,1639800.0,2945.732421875
2016-08-12,3590.0,3472.0,3585.0,3514.0,1820300.0,2919.972900390625
2016-08-15,3536.0,3476.0,3499.0,3483.0,897600.0,2894.212890625
2016-08-16,3516.0,3438.0,3493.0,3438.0,1497500.0,2856.8203125
2016-08-17,3538.0,3422.0,3430.0,3535.0,1659800.0,2937.4228515625
2016-08-18,3593.0,3451.0,3495.0,3452.0,2298700.0,2868.453369140625
2016-08-19,3477.0,3378.0,3452.0,3397.0,2359700.0,2822.751220703125
2016-08-22,3483.0,3357.0,3413.0,3467.0,2266600.0,2880.917724609375
2016-08-23,3462.0,3380.0,3446.0,3404.0,1510500.0,2828.56787109375
2016-08-24,3459.0,3391.0,3422.0,3395.0,1229400.0,2821.0888671875
2016-08-25,3420.0,3358.0,3396.0,3413.0,1282300.0,2836.046630859375
2016-08-26,3409.0,3367.0,3404.0,3372.0,1134000.0,2801.977294921875
2016-08-29,3518.0,3417.0,3417.0,3481.0,1527000.0,2892.551025390625
2016-08-30,3596.0,3479.0,3479.0,3589.0,1330600.0,2982.29443359375
2016-08-31,3708.0,3643.0,3645.0,3703.0,1871700.0,3077.023193359375
2016-09-01,3815.0,3681.0,3703.0,3787.0,2089900.0,3146.8232421875
2016-09-02,3826.0,3743.0,3788.0,3804.0,1293100.0,3160.94921875
2016-09-05,3884.0,3727.0,3884.0,3734.0,1510100.0,3102.782470703125
2016-09-06,3794.0,3707.0,3793.0,3746.0,1484100.0,3112.754150390625
2016-09-07,3700.0,3599.0,3666.0,3661.0,1913200.0,3042.123046875
2016-09-08,3660.0,3606.0,3642.0,3618.0,1605900.0,3006.391845703125
2016-09-09,3637.0,3583.0,3600.0,3603.0,1661000.0,2993.92724609375
2016-09-12,3618.0,3495.0,3550.0,3521.0,2087700.0,2925.78955078125
2016-09-13,3528.0,3423.0,3517.0,3435.0,1812600.0,2854.3271484375
2016-09-14,3398.0,3351.0,3383.0,3363.0,2502700.0,2794.49853515625
2016-09-15,3315.0,3250.0,3313.0,3279.0,2697800.0,2724.698486328125
2016-09-16,3466.0,3287.0,3290.0,3461.0,3399200.0,2875.93212890625
2016-09-20,3477.0,3380.0,3381.0,3425.0,2513500.0,2846.017822265625
2016-09-21,3675.0,3294.0,3394.0,3668.0,6213600.0,3047.939453125
2016-09-23,3667.0,3574.0,3602.0,3661.0,2739700.0,3042.123046875
2016-09-26,3643.0,3542.0,3627.0,3548.0,1698500.0,2948.22509765625
2016-09-27,3472.0,3338.0,3429.0,3446.0,3410800.0,2863.4677734375
2016-09-28,3397.0,3298.0,3321.0,3299.0,2203500.0,2794.01953125
2016-09-29,3351.0,3270.0,3330.0,3332.0,2833500.0,2821.9677734375
2016-09-30,3304.0,3211.0,3262.0,3270.0,2986800.0,2769.458740234375
2016-10-03,3326.0,3254.0,3295.0,3264.0,1707600.0,2764.376953125
2016-10-04,3345.0,3267.0,3277.0,3313.0,1593500.0,2805.876220703125
2016-10-05,3366.0,3286.0,3314.0,3348.0,2324100.0,2835.519287109375
2016-10-06,3445.0,3377.0,3379.0,3401.0,1881200.0,2880.40625
2016-10-07,3441.0,3351.0,3423.0,3385.0,1302200.0,2866.85546875
2016-10-11,3413.0,3322.0,3375.0,3326.0,2130400.0,2816.886474609375
2016-10-12,3293.0,3247.0,3287.0,3250.0,2514200.0,2752.52001953125
2016-10-13,3264.0,3186.0,3250.0,3200.0,2767800.0,2710.17333984375
2016-10-14,3228.0,3171.0,3190.0,3216.0,2460900.0,2723.72412109375
2016-10-17,3239.0,3202.0,3205.0,3217.0,2059500.0,2724.5712890625
2016-10-18,3222.0,3175.0,3197.0,3221.0,2413000.0,2727.958984375
2016-10-19,3249.0,3193.0,3220.0,3235.0,2055900.0,2739.816162109375
2016-10-20,3313.0,3212.0,3226.0,3313.0,2218100.0,2805.876220703125
2016-10-21,3380.0,3318.0,3322.0,3337.0,2266100.0,2826.203125
2016-10-24,3329.0,3263.0,3327.0,3296.0,1561000.0,2791.47900390625
2016-10-25,3406.0,3349.0,3350.0,3398.0,2709900.0,2877.86572265625
2016-10-26,3425.0,3368.0,3397.0,3423.0,1686700.0,2899.0390625
2016-10-27,3459.0,3402.0,3423.0,3435.0,1933600.0,2909.20166015625
2016-10-28,3538.0,3484.0,3487.0,3513.0,2672200.0,2975.2626953125
2016-10-31,3551.0,3481.0,3486.0,3550.0,1983600.0,3006.5986328125
2016-11-01,3612.0,3539.0,3561.0,3568.0,2761200.0,3021.843505859375
2016-11-02,3503.0,3438.0,3501.0,3444.0,2389500.0,2916.824462890625
2016-11-04,3422.0,3356.0,3400.0,3400.0,2436200.0,2879.5595703125
2016-11-07,3521.0,3469.0,3469.0,3492.0,2099200.0,2957.476806640625
2016-11-08,3537.0,3473.0,3493.0,3514.0,1372700.0,2976.109375
2016-11-09,3589.0,3222.0,3530.0,3289.0,4555200.0,2785.550048828125
2016-11-10,3703.0,3496.0,3639.0,3679.0,4806900.0,3115.852294921875
2016-11-11,3877.0,3768.0,3787.0,3805.0,4285200.0,3222.5654296875
2016-11-14,3877.0,3774.0,3806.0,3854.0,2599200.0,3264.0654296875
2016-11-15,4117.0,3900.0,4047.0,3920.0,4896900.0,3319.96240234375
2016-11-16,4184.0,4027.0,4050.0,4182.0,4680300.0,3541.858154296875
2016-11-17,4120.0,4010.0,4073.0,4116.0,3432700.0,3485.9609375
2016-11-18,4232.0,4061.0,4182.0,4074.0,2271600.0,3450.3896484375
2016-11-21,4192.0,4052.0,4104.0,4160.0,2387900.0,3523.2255859375
2016-11-22,4199.0,4126.0,4140.0,4189.0,1757300.0,3547.78662109375
2016-11-24,4312.0,4196.0,4310.0,4231.0,2043500.0,3583.35791015625
2016-11-25,4252.0,4076.0,4216.0,4124.0,3203100.0,3492.736083984375
2016-11-28,4225.0,4087.0,4096.0,4205.0,2558900.0,3561.33740234375
2016-11-29,4223.0,4124.0,4157.0,4185.0,1952400.0,3544.39892578125
2016-11-30,4226.0,4125.0,4175.0,4150.0,2368100.0,3514.75634765625
2016-12-01,4335.0,4225.0,4265.0,4240.0,2337900.0,3590.97998046875
2016-12-02,4374.0,4256.0,4256.0,4355.0,2395600.0,3688.376708984375
2016-12-05,4279.0,4192.0,4269.0,4230.0,2310000.0,3582.5107421875
2016-12-06,4340.0,4289.0,4300.0,4307.0,2066400.0,3647.724365234375
2016-12-07,4412.0,4342.0,4345.0,4404.0,1583900.0,3729.8759765625
2016-12-08,4486.0,4415.0,4460.0,4486.0,2004000.0,3799.324951171875
2016-12-09,4562.0,4462.0,4478.0,4559.0,3882200.0,3861.14990234375
2016-12-12,4629.0,4365.0,4619.0,4444.0,3100000.0,3763.75341796875
2016-12-13,4471.0,4364.0,4372.0,4449.0,1854400.0,3767.988525390625
2016-12-14,4475.0,4397.0,4467.0,4451.0,1165700.0,3769.682373046875
2016-12-15,4525.0,4423.0,4468.0,4469.0,1936600.0,3784.92724609375
2016-12-16,4644.0,4533.0,4539.0,4611.0,2701700.0,3905.190673828125
2016-12-19,4612.0,4548.0,4590.0,4581.0,1220300.0,3879.782470703125
2016-12-20,4605.0,4520.0,4581.0,4574.0,1205800.0,3873.854248046875
2016-12-21,4632.0,4516.0,4593.0,4540.0,1814700.0,3845.058837890625
2016-12-22,4518.0,4374.0,4518.0,4468.0,2175700.0,3784.080078125
2016-12-26,4411.0,4322.0,4398.0,4355.0,2113200.0,3688.376708984375
2016-12-27,4414.0,4302.0,4323.0,4367.0,1661000.0,3698.540283203125
2016-12-28,4412.0,4320.0,4377.0,4332.0,1680100.0,3668.897216796875
2016-12-29,4230.0,4125.0,4200.0,4155.0,3835800.0,3518.9912109375
2016-12-30,4201.0,4081.0,4112.0,4183.0,1768700.0,3542.705078125
2017-01-04,4385.0,4249.0,4280.0,4339.0,2374900.0,3674.826416015625
2017-01-05,4396.0,4327.0,4348.0,4356.0,1909800.0,3689.2236328125
2017-01-06,4363.0,4286.0,4296.0,4313.0,1883100.0,3652.805908203125
2017-01-10,4349.0,4280.0,4312.0,4300.0,1606500.0,3641.79541015625
2017-01-11,4365.0,4302.0,4330.0,4334.0,1340600.0,3670.591552734375
2017-01-12,4324.0,4208.0,4317.0,4254.0,1958400.0,3602.8369140625
2017-01-13,4298.0,4231.0,4254.0,4289.0,1127600.0,3632.4794921875
2017-01-16,4305.0,4221.0,4290.0,4232.0,998400.0,3584.204345703125
2017-01-17,4222.0,4122.0,4181.0,4189.0,1387800.0,3547.78662109375
2017-01-18,4190.0,4056.0,4164.0,4178.0,1672900.0,3538.470458984375
2017-01-19,4317.0,4158.0,4250.0,4222.0,2488400.0,3575.735107421875
2017-01-20,4277.0,4200.0,4229.0,4247.0,1186600.0,3596.90869140625
2017-01-23,4229.0,4174.0,4200.0,4191.0,1165800.0,3549.48046875
2017-01-24,4138.0,4079.0,4121.0,4084.0,2333300.0,3458.858642578125
2017-01-25,4156.0,4107.0,4154.0,4117.0,1288300.0,3486.807861328125
2017-01-26,4282.0,4180.0,4180.0,4224.0,2147900.0,3577.429443359375
2017-01-27,4330.0,4272.0,4280.0,4294.0,2326100.0,3636.71435546875
2017-01-30,4299.0,4233.0,4273.0,4289.0,1026900.0,3632.4794921875
2017-01-31,4266.0,4202.0,4225.0,4232.0,1606700.0,3584.204345703125
2017-02-01,4184.0,4075.0,4106.0,4167.0,2506700.0,3529.154296875
2017-02-02,4166.0,4010.0,4146.0,4023.0,2901300.0,3407.1962890625
2017-02-03,4127.0,4016.0,4023.0,4067.0,2615300.0,3444.46142578125
2017-02-06,4177.0,4061.0,4151.0,4075.0,1864900.0,3451.23681640625
2017-02-07,4074.0,4006.0,4038.0,4052.0,1672100.0,3431.757568359375
2017-02-08,4126.0,4058.0,4099.0,4085.0,1321400.0,3459.705810546875
2017-02-09,4076.0,4026.0,4058.0,4055.0,902000.0,3434.298095703125
2017-02-10,4229.0,4130.0,4138.0,4198.0,1792400.0,3555.408935546875
2017-02-13,4250.0,4195.0,4247.0,4200.0,1445400.0,3557.102783203125
2017-02-14,4239.0,4124.0,4233.0,4125.0,1737100.0,3493.5830078125
2017-02-15,4273.0,4167.0,4170.0,4219.0,1522300.0,3573.1943359375
2017-02-16,4317.0,4197.0,4270.0,4218.0,1684800.0,3572.347412109375
2017-02-17,4230.0,4180.0,4203.0,4200.0,1280800.0,3557.102783203125
2017-02-20,4239.0,4160.0,4170.0,4225.0,715900.0,3578.275634765625
2017-02-21,4263.0,4212.0,4237.0,4250.0,757700.0,3599.44970703125
2017-02-22,4286.0,4244.0,4263.0,4263.0,1227600.0,3610.459228515625
2017-02-23,4270.0,4151.0,4243.0,4205.0,1424600.0,3561.33740234375
2017-02-24,4193.0,4157.0,4189.0,4168.0,1142200.0,3530.0009765625
2017-02-27,4132.0,4036.0,4127.0,4051.0,2129400.0,3430.91015625
2017-02-28,4068.0,4026.0,4049.0,4029.0,2045300.0,3412.2783203125
2017-03-01,4077.0,4002.0,4050.0,4075.0,2016600.0,3451.23681640625
2017-03-02,4205.0,4131.0,4172.0,4132.0,2071300.0,3499.511962890625
2017-03-03,4148.0,4090.0,4100.0,4134.0,1384200.0,3501.205322265625
2017-03-06,4153.0,4088.0,4121.0,4127.0,1022200.0,3495.27685546875
2017-03-07,4118.0,4088.0,4112.0,4105.0,1302000.0,3476.64453125
2017-03-08,4108.0,4073.0,4089.0,4092.0,975300.0,3465.63427734375
2017-03-09,4113.0,4070.0,4113.0,4079.0,1177900.0,3454.62451171875
2017-03-10,4165.0,4108.0,4133.0,4150.0,2174100.0,3514.75634765625
2017-03-13,4151.0,4110.0,4145.0,4135.0,1127800.0,3502.052490234375
2017-03-14,4161.0,4111.0,4161.0,4116.0,1194100.0,3485.9609375
2017-03-15,4137.0,4082.0,4099.0,4124.0,918800.0,3492.736083984375
2017-03-16,4077.0,4026.0,4054.0,4057.0,2608300.0,3435.99169921875
2017-03-17,4073.0,4041.0,4052.0,4069.0,1943300.0,3446.155029296875
2017-03-21,4030.0,3967.0,4028.0,3999.0,2396600.0,3386.870361328125
2017-03-22,3906.0,3818.0,3892.0,3856.0,3868600.0,3265.759033203125
2017-03-23,3883.0,3816.0,3880.0,3839.0,2348800.0,3251.361328125
2017-03-24,3960.0,3845.0,3852.0,3934.0,2522700.0,3331.8193359375
2017-03-27,3887.0,3838.0,3887.0,3881.0,1744000.0,3286.932373046875
2017-03-28,3959.0,3916.0,3927.0,3937.0,1767200.0,3334.3603515625
2017-03-29,3918.0,3863.0,3899.0,3878.0,1938200.0,3339.52734375
2017-03-30,3905.0,3861.0,3895.0,3876.0,1584600.0,3337.8046875
2017-03-31,3970.0,3860.0,3919.0,3860.0,2805500.0,3324.0263671875
2017-04-03,3879.0,3771.0,3870.0,3809.0,2381900.0,3280.108154296875
2017-04-04,3782.0,3730.0,3751.0,3754.0,2271200.0,3232.744873046875
2017-04-05,3794.0,3729.0,3766.0,3759.0,1989900.0,3237.05078125
2017-04-06,3735.0,3670.0,3702.0,3704.0,2115900.0,3189.6875
2017-04-07,3778.0,3700.0,3720.0,3713.0,2510300.0,3197.43798828125
2017-04-10,3782.0,3715.0,3732.0,3763.0,1396500.0,3240.4951171875
2017-04-11,3747.0,3701.0,3739.0,3746.0,1217700.0,3225.85595703125
2017-04-12,3711.0,3675.0,3705.0,3702.0,1639900.0,3187.965087890625
2017-04-13,3679.0,3637.0,3658.0,3670.0,1898700.0,3160.408935546875
2017-04-14,3695.0,3617.0,3634.0,3677.0,1407100.0,3166.436767578125
2017-04-17,3673.0,3603.0,3661.0,3663.0,1425100.0,3154.380859375
2017-04-18,3743.0,3681.0,3709.0,3683.0,1677900.0,3171.603515625
2017-04-19,3692.0,3606.0,3639.0,3663.0,2676800.0,3154.380859375
2017-04-20,3743.0,3634.0,3658.0,3700.0,2302700.0,3186.242919921875
2017-04-21,3781.0,3719.0,3750.0,3750.0,2021400.0,3229.30029296875
2017-04-24,3816.0,3772.0,3791.0,3795.0,1506800.0,3268.052490234375
2017-04-25,3864.0,3784.0,3788.0,3847.0,1833300.0,3312.83154296875
2017-04-26,3910.0,3855.0,3870.0,3902.0,1970600.0,3360.19482421875
2017-04-27,3918.0,3847.0,3918.0,3895.0,1364300.0,3354.166748046875
2017-04-28,3875.0,3807.0,3860.0,3817.0,1742300.0,3286.996826171875
2017-05-01,3899.0,3769.0,3780.0,3896.0,2335600.0,3355.027587890625
2017-05-02,3937.0,3866.0,3867.0,3910.0,1972600.0,3367.083984375
2017-05-08,4029.0,3969.0,3973.0,4015.0,2333700.0,3457.504150390625
2017-05-09,4065.0,4008.0,4027.0,4011.0,2045300.0,3454.059326171875
2017-05-10,4031.0,3991.0,4029.0,4005.0,1559300.0,3448.89306640625
2017-05-11,4035.0,3968.0,4017.0,4018.0,1587100.0,3460.087646484375
2017-05-12,4025.0,3960.0,4014.0,3978.0,1444800.0,3425.641845703125
2017-05-15,3945.0,3909.0,3945.0,3936.0,1845500.0,3389.4736328125
2017-05-16,3908.0,3835.0,3894.0,3856.0,2756200.0,3320.58203125
2017-05-17,3802.0,3726.0,3800.0,3733.0,2925300.0,3214.6611328125
2017-05-18,3701.0,3669.0,3677.0,3692.0,2194600.0,3179.35400390625
2017-05-19,3776.0,3694.0,3712.0,3755.0,2136400.0,3233.605712890625
2017-05-22,3800.0,3757.0,3784.0,3785.0,1365500.0,3259.44091796875
2017-05-23,3796.0,3754.0,3774.0,3775.0,1155000.0,3250.82958984375
2017-05-24,3820.0,3781.0,3805.0,3791.0,1423500.0,3264.60693359375
2017-05-25,3807.0,3747.0,3775.0,3797.0,1080400.0,3269.774169921875
2017-05-26,3787.0,3753.0,3783.0,3759.0,1146600.0,3237.05078125
2017-05-29,3775.0,3731.0,3749.0,3752.0,1029800.0,3231.022705078125
2017-05-30,3756.0,3721.0,3746.0,3741.0,1008500.0,3221.550048828125
2017-05-31,3756.0,3702.0,3709.0,3750.0,1998400.0,3229.30029296875
2017-06-01,3762.0,3708.0,3728.0,3758.0,2096800.0,3236.189453125
2017-06-02,3860.0,3770.0,3770.0,3842.0,2481900.0,3308.526123046875
2017-06-05,3864.0,3800.0,3832.0,3802.0,2014100.0,3274.080322265625
2017-06-06,3836.0,3783.0,3784.0,3789.0,2115500.0,3262.885498046875
2017-06-07,3831.0,3757.0,3770.0,3814.0,1637300.0,3284.41357421875
2017-06-08,3883.0,3814.0,3830.0,3838.0,1774800.0,3305.081298828125
2017-06-09,3891.0,3827.0,3860.0,3873.0,2013500.0,3335.22119140625
2017-06-12,3932.0,3860.0,3874.0,3861.0,1317100.0,3324.8876953125
2017-06-13,3891.0,3828.0,3850.0,3864.0,1083500.0,3327.47119140625
2017-06-14,3910.0,3866.0,3882.0,3887.0,1340900.0,3347.277587890625
2017-06-15,3867.0,3806.0,3862.0,3816.0,1832400.0,3286.13623046875
2017-06-16,3889.0,3835.0,3841.0,3851.0,1646100.0,3316.276611328125
2017-06-19,3867.0,3822.0,3848.0,3850.0,850800.0,3315.4150390625
2017-06-20,3926.0,3861.0,3890.0,3863.0,1359600.0,3326.60986328125
2017-06-21,3867.0,3814.0,3860.0,3859.0,1854200.0,3323.165283203125
2017-06-22,3846.0,3813.0,3840.0,3816.0,1573700.0,3286.13623046875
2017-06-23,3833.0,3805.0,3825.0,3827.0,861900.0,3295.60888671875
2017-06-26,3821.0,3785.0,3813.0,3792.0,1107200.0,3265.46875
2017-06-27,3850.0,3806.0,3808.0,3825.0,1076700.0,3293.88623046875
2017-06-28,3947.0,3847.0,3853.0,3928.0,2294100.0,3382.58447265625
2017-06-29,4044.0,3990.0,4005.0,4019.0,2701600.0,3460.94921875
2017-06-30,4057.0,3994.0,4004.0,4019.0,2503300.0,3460.94921875
2017-07-03,4040.0,3976.0,4001.0,4036.0,1240000.0,3475.58837890625
2017-07-04,4082.0,4016.0,4070.0,4024.0,1494000.0,3465.25439453125
2017-07-05,4067.0,4001.0,4003.0,4056.0,1534900.0,3492.811279296875
2017-07-06,4095.0,4039.0,4080.0,4051.0,2440200.0,3488.505126953125
2017-07-07,4076.0,4024.0,4033.0,4030.0,1383100.0,3470.42138671875
2017-07-10,4056.0,4016.0,4049.0,4039.0,1122600.0,3478.171630859375
2017-07-11,4047.0,4023.0,4039.0,4027.0,840700.0,3467.837646484375
2017-07-12,4006.0,3971.0,4000.0,3986.0,1195100.0,3432.531005859375
2017-07-13,3993.0,3925.0,3992.0,3928.0,1309300.0,3382.58447265625
2017-07-14,3985.0,3954.0,3960.0,3955.0,1267300.0,3405.835205078125
2017-07-17,3955.0,3955.0,3955.0,3955.0,0.0,3405.835205078125
2017-07-18,3940.0,3882.0,3910.0,3937.0,1586400.0,3390.3349609375
2017-07-19,3926.0,3882.0,3907.0,3913.0,1033900.0,3369.667236328125
2017-07-20,3932.0,3873.0,3895.0,3926.0,1102100.0,3380.8623046875
2017-07-21,3934.0,3896.0,3917.0,3922.0,1203500.0,3377.41748046875
2017-07-24,3909.0,3836.0,3881.0,3900.0,1939600.0,3358.472412109375
2017-07-25,3958.0,3894.0,3907.0,3934.0,1509200.0,3387.75146484375
2017-07-26,4010.0,3956.0,3983.0,3967.0,1234100.0,3416.169677734375
2017-07-27,3966.0,3915.0,3931.0,3955.0,1142800.0,3405.835205078125
2017-07-28,4078.0,3985.0,3996.0,4062.0,3294600.0,3497.978271484375
2017-07-31,4089.0,4046.0,4062.0,4054.0,2118100.0,3491.089111328125
2017-08-01,4161.0,4080.0,4081.0,4130.0,2265600.0,3556.5361328125
2017-08-02,4146.0,4057.0,4126.0,4075.0,2039500.0,3509.173095703125
2017-08-03,4095.0,4026.0,4083.0,4052.0,1292200.0,3489.366943359375
2017-08-04,4054.0,4022.0,4031.0,4048.0,1067100.0,3485.922119140625
2017-08-07,4092.0,4037.0,4075.0,4041.0,830400.0,3479.89404296875
2017-08-08,4062.0,4015.0,4047.0,4036.0,1126900.0,3475.58837890625
2017-08-09,4042.0,3981.0,4019.0,4004.0,1090600.0,3448.03173828125
2017-08-10,4008.0,3967.0,4008.0,3995.0,1093400.0,3440.281494140625
2017-08-11,3995.0,3995.0,3995.0,3995.0,0.0,3440.281494140625
2017-08-14,3926.0,3895.0,3925.0,3898.0,2402400.0,3356.75048828125
2017-08-15,4007.0,3932.0,3943.0,3946.0,2176700.0,3398.085205078125
2017-08-16,3959.0,3914.0,3945.0,3950.0,1110200.0,3401.52978515625
2017-08-17,3939.0,3911.0,3930.0,3929.0,702000.0,3383.44580078125
2017-08-18,3885.0,3846.0,3876.0,3882.0,1856800.0,3342.971923828125
2017-08-21,3910.0,3837.0,3905.0,3837.0,1072000.0,3304.219970703125
2017-08-22,3844.0,3815.0,3835.0,3832.0,809200.0,3299.914306640625
2017-08-23,3862.0,3799.0,3860.0,3806.0,1282100.0,3277.524658203125
2017-08-24,3843.0,3792.0,3810.0,3793.0,1067400.0,3266.329833984375
2017-08-25,3828.0,3797.0,3801.0,3802.0,1066200.0,3274.080322265625
2017-08-28,3799.0,3769.0,3795.0,3790.0,1204900.0,3263.746337890625
2017-08-29,3764.0,3726.0,3749.0,3757.0,1492700.0,3235.32861328125
2017-08-30,3791.0,3743.0,3770.0,3759.0,1492000.0,3237.05078125
2017-08-31,3842.0,3788.0,3807.0,3806.0,1892700.0,3277.524658203125
2017-09-01,3832.0,3793.0,3826.0,3821.0,947000.0,3290.44189453125
2017-09-04,3838.0,3793.0,3800.0,3800.0,849900.0,3272.357666015625
2017-09-05,3806.0,3765.0,3795.0,3773.0,1112500.0,3249.106689453125
2017-09-06,3754.0,3722.0,3745.0,3739.0,1081500.0,3219.827880859375
2017-09-07,3767.0,3717.0,3763.0,3727.0,1336200.0,3209.493896484375
2017-09-08,3793.0,3728.0,3786.0,3735.0,1986400.0,3216.383056640625
2017-09-11,3829.0,3771.0,3792.0,3777.0,1707000.0,3252.551513671875
2017-09-12,3874.0,3826.0,3839.0,3844.0,2141300.0,3310.24853515625
2017-09-13,3896.0,3856.0,3874.0,3860.0,1204200.0,3324.0263671875
2017-09-14,3897.0,3850.0,3872.0,3854.0,1082200.0,3318.860107421875
2017-09-15,3896.0,3815.0,3833.0,3880.0,1930500.0,3341.24951171875
2017-09-18,3880.0,3880.0,3880.0,3880.0,0.0,3341.24951171875
2017-09-19,4008.0,3918.0,3986.0,3975.0,2779900.0,3423.05810546875
2017-09-20,3986.0,3947.0,3966.0,3968.0,1122600.0,3417.030517578125
2017-09-21,4056.0,3990.0,4020.0,3992.0,1970000.0,3437.6982421875
2017-09-22,4055.0,4009.0,4022.0,4047.0,1623900.0,3485.06103515625
2017-09-25,4052.0,4008.0,4047.0,4019.0,1391600.0,3460.94921875
2017-09-26,4022.0,3992.0,4010.0,4008.0,1451900.0,3451.476318359375
2017-09-27,4000.0,3959.0,3964.0,3982.0,1104700.0,3485.61474609375
2017-09-28,4035.0,4002.0,4024.0,4026.0,1578200.0,3524.1298828125
2017-09-29,4065.0,4012.0,4028.0,4061.0,2131100.0,3554.766845703125
2017-10-02,4083.0,4034.0,4077.0,4053.0,1263800.0,3547.76416015625
2017-10-03,4095.0,4050.0,4053.0,4071.0,1371100.0,3563.519775390625
2017-10-04,4097.0,4060.0,4074.0,4086.0,1000800.0,3576.650390625
2017-10-05,4093.0,4070.0,4075.0,4090.0,880000.0,3580.15185546875
2017-10-06,4162.0,4117.0,4117.0,4141.0,1889000.0,3624.79443359375
2017-10-09,4141.0,4141.0,4141.0,4141.0,0.0,3624.79443359375
2017-10-10,4149.0,4090.0,4100.0,4148.0,1284200.0,3630.92138671875
2017-10-11,4164.0,4136.0,4149.0,4150.0,960100.0,3632.67236328125
2017-10-12,4172.0,4122.0,4164.0,4126.0,991700.0,3611.663818359375
2017-10-13,4149.0,4101.0,4109.0,4134.0,1456900.0,3618.6669921875
2017-10-16,4250.0,4126.0,4141.0,4221.0,1947200.0,3694.821533203125
2017-10-17,4276.0,4219.0,4250.0,4230.0,1288100.0,3702.69970703125
2017-10-18,4260.0,4212.0,4238.0,4223.0,837900.0,3696.572021484375
2017-10-19,4270.0,4235.0,4259.0,4264.0,1399000.0,3732.461669921875
2017-10-20,4271.0,4210.0,4243.0,4249.0,1440500.0,3719.3310546875
2017-10-23,4320.0,4270.0,4319.0,4274.0,1250300.0,3741.215087890625
2017-10-24,4317.0,4253.0,4274.0,4317.0,1355400.0,3778.854736328125
2017-10-25,4404.0,4326.0,4360.0,4348.0,1645300.0,3805.990478515625
2017-10-26,4381.0,4333.0,4348.0,4351.0,1220000.0,3808.616455078125
2017-10-27,4511.0,4388.0,4391.0,4467.0,2862600.0,3910.15625
2017-10-30,4467.0,4425.0,4439.0,4453.0,2746800.0,3897.90087890625
2017-10-31,4457.0,4400.0,4409.0,4445.0,1477600.0,3890.898681640625
2017-11-01,4470.0,4416.0,4467.0,4431.0,1552600.0,3878.6435546875
2017-11-02,4516.0,4446.0,4482.0,4477.0,1324400.0,3918.909423828125
2017-11-03,4477.0,4477.0,4477.0,4477.0,0.0,3918.909423828125
2017-11-06,4483.0,4387.0,4463.0,4429.0,1366100.0,3876.892822265625
2017-11-07,4495.0,4393.0,4412.0,4474.0,1293000.0,3916.283203125
2017-11-08,4421.0,4370.0,4421.0,4412.0,1828800.0,3862.01220703125
2017-11-09,4449.0,4323.0,4420.0,4368.0,2668500.0,3823.496337890625
2017-11-10,4374.0,4302.0,4335.0,4334.0,1463600.0,3793.7353515625
2017-11-13,4359.0,4301.0,4344.0,4312.0,932100.0,3774.4775390625
2017-11-14,4344.0,4292.0,4328.0,4321.0,1217800.0,3782.355712890625
2017-11-15,4112.0,4006.0,4107.0,4081.0,4683700.0,3572.273681640625
2017-11-16,4100.0,4030.0,4087.0,4068.0,2173100.0,3560.894287109375
2017-11-17,4112.0,4041.0,4105.0,4062.0,2185000.0,3555.64208984375
2017-11-20,4070.0,4021.0,4051.0,4055.0,1387600.0,3549.5146484375
2017-11-21,4123.0,4067.0,4070.0,4096.0,1245300.0,3585.40380859375
2017-11-22,4155.0,4082.0,4096.0,4120.0,1329600.0,3606.412109375
2017-11-23,4120.0,4120.0,4120.0,4120.0,0.0,3606.412109375
2017-11-24,4142.0,4075.0,4088.0,4132.0,901200.0,3616.91650390625
2017-11-27,4113.0,4063.0,4101.0,4093.0,1537200.0,3582.778076171875
2017-11-28,4089.0,4044.0,4073.0,4060.0,925800.0,3553.891357421875
2017-11-29,4175.0,4119.0,4139.0,4134.0,1667400.0,3618.6669921875
2017-11-30,4225.0,4160.0,4160.0,4164.0,2274700.0,3644.927001953125
2017-12-01,4229.0,4180.0,4207.0,4201.0,1153300.0,3677.31494140625
2017-12-04,4229.0,4173.0,4223.0,4181.0,861100.0,3659.807861328125
2017-12-05,4218.0,4163.0,4200.0,4198.0,1252000.0,3674.688720703125
2017-12-06,4184.0,4126.0,4166.0,4148.0,1358100.0,3630.92138671875
2017-12-07,4211.0,4170.0,4184.0,4191.0,1282200.0,3668.561279296875
2017-12-08,4217.0,4121.0,4121.0,4208.0,2225600.0,3683.442138671875
2017-12-11,4275.0,4199.0,4201.0,4273.0,1310800.0,3740.339599609375
2017-12-12,4430.0,4299.0,4300.0,4381.0,2365500.0,3834.87646484375
2017-12-13,4457.0,4397.0,4415.0,4430.0,1912800.0,3877.7685546875
2017-12-14,4439.0,4350.0,4425.0,4431.0,2327100.0,3878.6435546875
2017-12-15,4398.0,4330.0,4398.0,4363.0,1807300.0,3819.12060546875
2017-12-18,4507.0,4426.0,4426.0,4459.0,2280700.0,3903.1533203125
2017-12-19,4507.0,4454.0,4454.0,4491.0,1231300.0,3931.164306640625
2017-12-20,4570.0,4519.0,4528.0,4520.0,1553600.0,3956.549560546875
2017-12-21,4570.0,4473.0,4552.0,4491.0,1731400.0,3931.164306640625
2017-12-22,4546.0,4471.0,4479.0,4526.0,1534800.0,3961.801513671875
2017-12-25,4532.0,4461.0,4531.0,4503.0,685300.0,3941.66796875
2017-12-26,4518.0,4477.0,4494.0,4499.0,631600.0,3938.16650390625
2017-12-27,4527.0,4490.0,4509.0,4495.0,536300.0,3934.665771484375
2017-12-28,4500.0,4434.0,4495.0,4442.0,674200.0,3888.272705078125
2017-12-29,4518.0,4445.0,4457.0,4473.0,824000.0,3915.40771484375
2018-01-01,4473.0,4473.0,4473.0,4473.0,0.0,3915.40771484375
2018-01-02,4473.0,4473.0,4473.0,4473.0,0.0,3915.40771484375
2018-01-03,4473.0,4473.0,4473.0,4473.0,0.0,3915.40771484375
2018-01-04,4632.0,4562.0,4565.0,4632.0,1888000.0,4054.58740234375
2018-01-05,4717.0,4654.0,4661.0,4681.0,1592800.0,4097.4794921875
2018-01-08,4681.0,4681.0,4681.0,4681.0,0.0,4097.4794921875
2018-01-09,4745.0,4667.0,4727.0,4697.0,1249100.0,4111.484375
2018-01-10,4722.0,4654.0,4697.0,4691.0,2316300.0,4106.2333984375
2018-01-11,4730.0,4657.0,4723.0,4709.0,2017900.0,4121.98974609375
2018-01-12,4699.0,4611.0,4692.0,4650.0,1946800.0,4070.34423828125
2018-01-15,4772.0,4688.0,4696.0,4712.0,1363500.0,4124.615234375
2018-01-16,4726.0,4694.0,4724.0,4723.0,1602600.0,4134.24365234375
2018-01-17,4736.0,4658.0,4702.0,4716.0,1883900.0,4128.11669921875
2018-01-18,4759.0,4663.0,4753.0,4664.0,1700900.0,4082.5986328125
2018-01-19,4723.0,4671.0,4698.0,4701.0,1118800.0,4114.98583984375
2018-01-22,4779.0,4725.0,4741.0,4755.0,1252900.0,4162.2548828125
2018-01-23,4821.0,4744.0,4768.0,4803.0,1372500.0,4204.271484375
2018-01-24,4781.0,4713.0,4775.0,4751.0,1022900.0,4158.7529296875
2018-01-25,4712.0,4651.0,4694.0,4662.0,1413400.0,4080.84765625
2018-01-26,4662.0,4601.0,4651.0,4621.0,1142600.0,4044.958984375
2018-01-29,4622.0,4546.0,4598.0,4586.0,1307700.0,4014.322021484375
2018-01-30,4638.0,4537.0,4619.0,4578.0,1609100.0,4007.319091796875
2018-01-31,4610.0,4526.0,4566.0,4527.0,1395900.0,3962.6767578125
2018-02-01,4778.0,4624.0,4624.0,4736.0,2911200.0,4145.62255859375
2018-02-02,4785.0,4685.0,4703.0,4700.0,1702700.0,4114.11083984375
2018-02-05,4720.0,4600.0,4690.0,4627.0,1647500.0,4050.210693359375
2018-02-06,4506.0,4336.0,4487.0,4466.0,2551500.0,3909.28076171875
2018-02-07,4643.0,4451.0,4589.0,4453.0,1639200.0,3897.90087890625
2018-02-08,4480.0,4409.0,4469.0,4450.0,1316800.0,3895.27490234375
2018-02-09,4360.0,4299.0,4314.0,4360.0,1359400.0,3816.494384765625
2018-02-12,4360.0,4360.0,4360.0,4360.0,0.0,3816.494384765625
2018-02-13,4419.0,4278.0,4412.0,4294.0,1574700.0,3758.721923828125
2018-02-14,4352.0,4276.0,4335.0,4289.0,939800.0,3754.34521484375
2018-02-15,4375.0,4315.0,4355.0,4318.0,808100.0,3779.72998046875
2018-02-16,4394.0,4325.0,4330.0,4362.0,915800.0,3818.244873046875
2018-02-19,4458.0,4387.0,4418.0,4444.0,996200.0,3890.02294921875
2018-02-20,4431.0,4368.0,4410.0,4412.0,927900.0,3862.01220703125
2018-02-21,4413.0,4335.0,4412.0,4358.0,1080100.0,3814.743896484375
2018-02-22,4355.0,4301.0,4341.0,4346.0,879600.0,3804.23974609375
2018-02-23,4353.0,4280.0,4295.0,4346.0,1195100.0,3804.23974609375
2018-02-26,4417.0,4363.0,4380.0,4371.0,798400.0,3826.123291015625
2018-02-27,4417.0,4364.0,4371.0,4397.0,1100100.0,3848.881591796875
2018-02-28,4402.0,4318.0,4395.0,4331.0,1245000.0,3791.109375
2018-03-01,4347.0,4294.0,4343.0,4320.0,1858100.0,3781.480712890625
2018-03-02,4282.0,4225.0,4250.0,4268.0,1520100.0,3735.962646484375
2018-03-05,4298.0,4208.0,4235.0,4287.0,1496500.0,3752.594482421875
2018-03-06,4367.0,4305.0,4345.0,4315.0,1177500.0,3777.10400390625
2018-03-07,4393.0,4291.0,4292.0,4331.0,1680600.0,3791.109375
2018-03-08,4379.0,4322.0,4374.0,4343.0,1703100.0,3801.613525390625
2018-03-09,4466.0,4349.0,4416.0,4362.0,2369700.0,3818.244873046875
2018-03-12,4438.0,4381.0,4432.0,4413.0,1632400.0,3862.88720703125
2018-03-13,4455.0,4391.0,4396.0,4454.0,1235600.0,3898.777099609375
2018-03-14,4469.0,4433.0,4438.0,4457.0,1383900.0,3901.402587890625
2018-03-15,4452.0,4412.0,4439.0,4429.0,1045000.0,3876.892822265625
2018-03-16,4473.0,4428.0,4439.0,4455.0,1378300.0,3899.65185546875
2018-03-19,4461.0,4389.0,4452.0,4410.0,1263100.0,3860.261474609375
2018-03-20,4515.0,4407.0,4409.0,4498.0,1802500.0,3937.291259765625
2018-03-21,4498.0,4498.0,4498.0,4498.0,0.0,3937.291259765625
2018-03-22,4452.0,4364.0,4450.0,4408.0,1827400.0,3858.510986328125
2018-03-23,4297.0,4248.0,4271.0,4270.0,1687000.0,3737.713134765625
2018-03-26,4242.0,4172.0,4200.0,4242.0,1792000.0,3713.203857421875
2018-03-27,4344.0,4278.0,4298.0,4337.0,1719300.0,3796.361328125
2018-03-28,4320.0,4227.0,4245.0,4315.0,1365600.0,3834.573974609375
2018-03-29,4369.0,4269.0,4348.0,4303.0,1465700.0,3823.90966796875
2018-03-30,4344.0,4289.0,4331.0,4307.0,796500.0,3827.464111328125
2018-04-02,4335.0,4273.0,4307.0,4275.0,485900.0,3799.027099609375
2018-04-03,4246.0,4196.0,4228.0,4232.0,1247600.0,3760.814697265625
2018-04-04,4257.0,4194.0,4215.0,4234.0,1150400.0,3762.592529296875
2018-04-05,4346.0,4247.0,4257.0,4316.0,1195000.0,3835.462646484375
2018-04-06,4333.0,4280.0,4281.0,4303.0,795200.0,3823.90966796875
2018-04-09,4375.0,4287.0,4300.0,4360.0,981800.0,3874.5634765625
2018-04-10,4398.0,4326.0,4341.0,4380.0,981300.0,3892.33642578125
2018-04-11,4422.0,4369.0,4398.0,4392.0,1047800.0,3903.000244140625
2018-04-12,4457.0,4404.0,4410.0,4423.0,1184400.0,3930.549072265625
2018-04-13,4528.0,4470.0,4472.0,4502.0,1471700.0,4000.75341796875
2018-04-16,4529.0,4466.0,4502.0,4484.0,1013100.0,3984.757568359375
2018-04-17,4507.0,4457.0,4465.0,4473.0,820100.0,3974.98193359375
2018-04-18,4502.0,4460.0,4468.0,4496.0,828500.0,3995.421630859375
2018-04-19,4547.0,4460.0,4511.0,4467.0,869400.0,3969.650634765625
2018-04-20,4523.0,4469.0,4520.0,4497.0,868200.0,3996.31005859375
2018-04-23,4605.0,4539.0,4539.0,4578.0,1158800.0,4068.291748046875
2018-04-24,4688.0,4624.0,4625.0,4674.0,1335100.0,4153.6025390625
2018-04-25,4745.0,4659.0,4659.0,4716.0,1231400.0,4190.92724609375
2018-04-26,4735.0,4669.0,4720.0,4695.0,1229700.0,4172.26513671875
2018-04-27,4712.0,4608.0,4700.0,4646.0,1159200.0,4128.720703125
2018-04-30,4646.0,4646.0,4646.0,4646.0,0.0,4128.720703125
2018-05-01,4630.0,4563.0,4605.0,4609.0,1107900.0,4095.84033203125
2018-05-02,4648.0,4592.0,4630.0,4625.0,821600.0,4110.0595703125
2018-05-03,4625.0,4625.0,4625.0,4625.0,0.0,4110.0595703125
2018-05-04,4625.0,4625.0,4625.0,4625.0,0.0,4110.0595703125
2018-05-07,4647.0,4584.0,4635.0,4646.0,822200.0,4128.720703125
2018-05-08,4686.0,4594.0,4599.0,4643.0,1520800.0,4126.05419921875
2018-05-09,4701.0,4628.0,4637.0,4678.0,1119600.0,4157.15771484375
2018-05-10,4716.0,4672.0,4697.0,4681.0,920900.0,4159.82421875
2018-05-11,4704.0,4646.0,4647.0,4692.0,1076500.0,4169.59912109375
2018-05-14,4807.0,4691.0,4692.0,4787.0,2073600.0,4254.02197265625
2018-05-15,4865.0,4810.0,4810.0,4831.0,1607800.0,4293.12255859375
2018-05-16,4848.0,4762.0,4780.0,4837.0,1407400.0,4298.45458984375
2018-05-17,4849.0,4789.0,4820.0,4804.0,1918200.0,4269.12890625
2018-05-18,4842.0,4800.0,4840.0,4813.0,1329600.0,4277.126953125
2018-05-21,4823.0,4788.0,4800.0,4790.0,1056800.0,4256.68798828125
2018-05-22,4788.0,4735.0,4788.0,4754.0,1111000.0,4224.69580078125
2018-05-23,4792.0,4726.0,4734.0,4743.0,1214300.0,4214.9208984375
2018-05-24,4744.0,4667.0,4719.0,4682.0,1481100.0,4160.7119140625
2018-05-25,4687.0,4648.0,4683.0,4660.0,1139900.0,4141.162109375
2018-05-28,4651.0,4604.0,4635.0,4641.0,1273600.0,4124.27783203125
2018-05-29,4627.0,4581.0,4615.0,4603.0,1150200.0,4090.508056640625
2018-05-30,4548.0,4503.0,4533.0,4538.0,1432700.0,4032.744873046875
2018-05-31,4571.0,4507.0,4564.0,4542.0,2250900.0,4036.299560546875
2018-06-01,4591.0,4490.0,4532.0,4568.0,1491100.0,4059.4052734375
2018-06-04,4721.0,4624.0,4638.0,4698.0,1391600.0,4174.93115234375
2018-06-05,4693.0,4636.0,4688.0,4658.0,1042700.0,4139.38525390625
2018-06-06,4675.0,4641.0,4649.0,4649.0,718800.0,4131.38623046875
2018-06-07,4697.0,4623.0,4694.0,4637.0,1037200.0,4120.72314453125
2018-06-08,4643.0,4586.0,4592.0,4595.0,1720300.0,4083.398681640625
2018-06-11,4631.0,4548.0,4557.0,4608.0,645000.0,4094.951416015625
2018-06-12,4654.0,4606.0,4654.0,4609.0,812800.0,4095.84033203125
2018-06-13,4634.0,4586.0,4605.0,4595.0,1061300.0,4083.398681640625
2018-06-14,4647.0,4556.0,4586.0,4619.0,1133600.0,4104.72705078125
2018-06-15,4670.0,4606.0,4616.0,4615.0,1398300.0,4101.171875
2018-06-18,4599.0,4515.0,4590.0,4545.0,1104200.0,4038.966064453125
2018-06-19,4545.0,4472.0,4521.0,4481.0,1131800.0,3982.092041015625
2018-06-20,4521.0,4445.0,4505.0,4511.0,1000700.0,4008.751220703125
2018-06-21,4515.0,4420.0,4511.0,4427.0,1440000.0,3934.10400390625
2018-06-22,4397.0,4319.0,4360.0,4391.0,1132300.0,3902.1123046875
2018-06-25,4405.0,4361.0,4390.0,4375.0,875200.0,3887.89306640625
2018-06-26,4449.0,4335.0,4358.0,4413.0,832000.0,3921.662353515625
2018-06-27,4414.0,4367.0,4404.0,4399.0,771100.0,3909.221435546875
2018-06-28,4418.0,4346.0,4396.0,4366.0,840000.0,3879.895263671875
2018-06-29,4430.0,4351.0,4378.0,4393.0,873200.0,3903.88916015625
2018-07-02,4383.0,4306.0,4351.0,4318.0,1007000.0,3837.23974609375
2018-07-03,4355.0,4275.0,4343.0,4313.0,1006700.0,3832.796142578125
2018-07-04,4357.0,4289.0,4296.0,4334.0,1130500.0,3851.458251953125
2018-07-05,4327.0,4282.0,4320.0,4316.0,961200.0,3835.462646484375
2018-07-06,4395.0,4345.0,4359.0,4353.0,1054800.0,3868.343017578125
2018-07-09,4454.0,4373.0,4381.0,4430.0,920200.0,3936.77001953125
2018-07-10,4519.0,4406.0,4487.0,4406.0,1103500.0,3915.44189453125
2018-07-11,4382.0,4318.0,4360.0,4368.0,981700.0,3881.672119140625
2018-07-12,4415.0,4360.0,4412.0,4362.0,1054900.0,3876.3408203125
2018-07-13,4464.0,4398.0,4408.0,4424.0,1711700.0,3931.437255859375
2018-07-16,4424.0,4424.0,4424.0,4424.0,0.0,3931.437255859375
2018-07-17,4399.0,4295.0,4350.0,4370.0,2034400.0,3883.450439453125
2018-07-18,4396.0,4359.0,4375.0,4373.0,1076900.0,3886.1162109375
2018-07-19,4425.0,4374.0,4378.0,4411.0,803400.0,3919.88525390625
2018-07-20,4423.0,4361.0,4378.0,4376.0,904700.0,3888.782470703125
2018-07-23,4540.0,4458.0,4464.0,4515.0,1860900.0,4012.306396484375
2018-07-24,4589.0,4542.0,4553.0,4561.0,1629900.0,4053.18408203125
2018-07-25,4631.0,4545.0,4631.0,4556.0,1097000.0,4048.7412109375
2018-07-26,4612.0,4559.0,4572.0,4611.0,999700.0,4097.61767578125
2018-07-27,4637.0,4552.0,4552.0,4617.0,1162000.0,4102.94921875
2018-07-30,4661.0,4591.0,4637.0,4637.0,1603600.0,4120.72314453125
2018-07-31,4636.0,4432.0,4633.0,4436.0,2345500.0,3942.101806640625
2018-08-01,4544.0,4423.0,4472.0,4538.0,1543400.0,4032.744873046875
2018-08-02,4611.0,4526.0,4537.0,4536.0,1240900.0,4030.9677734375
2018-08-03,4549.0,4456.0,4549.0,4457.0,962500.0,3960.763671875
2018-08-06,4430.0,4366.0,4411.0,4397.0,1004400.0,3907.443603515625
2018-08-07,4395.0,4351.0,4395.0,4395.0,729700.0,3905.66650390625
2018-08-08,4444.0,4400.0,4409.0,4415.0,765900.0,3923.439697265625
2018-08-09,4403.0,4366.0,4384.0,4390.0,472200.0,3901.223388671875
2018-08-10,4385.0,4340.0,4363.0,4341.0,721500.0,3857.6787109375
2018-08-13,4273.0,4229.0,4243.0,4246.0,1196300.0,3773.255859375
2018-08-14,4298.0,4241.0,4269.0,4284.0,1033000.0,3807.02490234375
2018-08-15,4359.0,4254.0,4347.0,4289.0,1093900.0,3811.46875
2018-08-16,4349.0,4246.0,4265.0,4343.0,1375700.0,3859.456298828125
2018-08-17,4432.0,4390.0,4393.0,4403.0,1120100.0,3912.77587890625
2018-08-20,4402.0,4355.0,4366.0,4389.0,807500.0,3900.334716796875
2018-08-21,4395.0,4319.0,4319.0,4372.0,931200.0,3885.2275390625
2018-08-22,4409.0,4356.0,4365.0,4388.0,766900.0,3899.44580078125
2018-08-23,4391.0,4348.0,4359.0,4376.0,579500.0,3888.782470703125
2018-08-24,4411.0,4385.0,4392.0,4395.0,511000.0,3905.66650390625
2018-08-27,4466.0,4395.0,4395.0,4445.0,783200.0,3950.099853515625
2018-08-28,4517.0,4458.0,4479.0,4458.0,1029900.0,3961.65234375
2018-08-29,4527.0,4484.0,4487.0,4509.0,819500.0,4006.97412109375
2018-08-30,4537.0,4463.0,4526.0,4495.0,1033900.0,3994.532958984375
2018-08-31,4489.0,4455.0,4461.0,4461.0,886000.0,3964.31884765625
2018-09-03,4459.0,4378.0,4435.0,4390.0,1239800.0,3901.223388671875
2018-09-04,4428.0,4354.0,4422.0,4373.0,718900.0,3886.1162109375
2018-09-05,4408.0,4338.0,4392.0,4365.0,1086200.0,3879.0068359375
2018-09-06,4363.0,4313.0,4363.0,4336.0,918300.0,3853.235595703125
2018-09-07,4334.0,4290.0,4315.0,4327.0,960600.0,3845.237548828125
2018-09-10,4362.0,4299.0,4300.0,4340.0,1046500.0,3856.789794921875
2018-09-11,4352.0,4315.0,4322.0,4345.0,779800.0,3861.233642578125
2018-09-12,4340.0,4277.0,4325.0,4307.0,1328200.0,3827.464111328125
2018-09-13,4396.0,4273.0,4287.0,4362.0,1094400.0,3876.3408203125
2018-09-14,4411.0,4374.0,4376.0,4401.0,1890700.0,3910.998291015625
2018-09-17,4401.0,4401.0,4401.0,4401.0,0.0,3910.998291015625
2018-09-18,4513.0,4384.0,4392.0,4480.0,1470100.0,3981.202880859375
2018-09-19,4630.0,4548.0,4550.0,4577.0,1731400.0,4067.40234375
2018-09-20,4657.0,4599.0,4630.0,4622.0,1313100.0,4107.392578125
2018-09-21,4809.0,4655.0,4657.0,4795.0,2588500.0,4261.1318359375
2018-09-24,4795.0,4795.0,4795.0,4795.0,0.0,4261.1318359375
2018-09-25,4803.0,4733.0,4749.0,4770.0,1589600.0,4238.9150390625
2018-09-26,4706.0,4640.0,4699.0,4667.0,1436400.0,4204.67919921875
2018-09-27,4686.0,4595.0,4597.0,4649.0,888200.0,4188.4619140625
2018-09-28,4752.0,4669.0,4694.0,4676.0,1487300.0,4212.7880859375
2018-10-01,4664.0,4613.0,4641.0,4637.0,919200.0,4177.6513671875
2018-10-02,4708.0,4633.0,4637.0,4666.0,1049000.0,4203.77783203125
2018-10-03,4661.0,4587.0,4622.0,4587.0,788900.0,4132.60400390625
2018-10-04,4706.0,4643.0,4704.0,4658.0,1305100.0,4196.57080078125
2018-10-05,4766.0,4655.0,4658.0,4729.0,1279900.0,4260.537109375
2018-10-08,4729.0,4729.0,4729.0,4729.0,0.0,4260.537109375
2018-10-09,4753.0,4622.0,4724.0,4659.0,1211400.0,4197.4716796875
2018-10-10,4771.0,4668.0,4699.0,4734.0,1280700.0,4265.0419921875
2018-10-11,4596.0,4503.0,4590.0,4546.0,1830200.0,4095.665283203125
2018-10-12,4509.0,4441.0,4491.0,4485.0,1334100.0,4040.7080078125
2018-10-15,4447.0,4347.0,4415.0,4418.0,1189800.0,3980.34521484375
2018-10-16,4468.0,4406.0,4422.0,4459.0,906700.0,4017.283935546875
2018-10-17,4618.0,4564.0,4599.0,4584.0,1787600.0,4129.90087890625
2018-10-18,4696.0,4644.0,4648.0,4674.0,1336300.0,4210.9853515625
2018-10-19,4646.0,4565.0,4604.0,4601.0,1229300.0,4145.216796875
2018-10-22,4651.0,4549.0,4551.0,4630.0,858100.0,4171.34423828125
2018-10-23,4608.0,4487.0,4567.0,4499.0,1030800.0,4053.32080078125
2018-10-24,4529.0,4398.0,4515.0,4420.0,1340600.0,3982.146728515625
2018-10-25,4396.0,4308.0,4315.0,4347.0,1304900.0,3916.37841796875
2018-10-26,4408.0,4297.0,4384.0,4352.0,1258800.0,3920.88330078125
2018-10-29,4460.0,4324.0,4415.0,4354.0,917000.0,3922.68505859375
2018-10-30,4463.0,4330.0,4344.0,4448.0,1361700.0,4007.373291015625
2018-10-31,4494.0,4408.0,4445.0,4494.0,1122600.0,4048.81689453125
2018-11-01,4567.0,4488.0,4552.0,4523.0,1336100.0,4074.943359375
2018-11-02,4534.0,4436.0,4523.0,4513.0,1232200.0,4065.934326171875
2018-11-05,4546.0,4438.0,4459.0,4506.0,820900.0,4059.62744140625
2018-11-06,4621.0,4500.0,4516.0,4597.0,985600.0,4141.61328125
2018-11-07,4670.0,4535.0,4606.0,4554.0,1122200.0,4102.873046875
2018-11-08,4658.0,4588.0,4618.0,4623.0,883800.0,4165.03759765625
2018-11-09,4683.0,4613.0,4625.0,4618.0,836300.0,4160.53271484375
2018-11-12,4630.0,4576.0,4596.0,4610.0,545900.0,4153.32470703125
2018-11-13,4532.0,4455.0,4470.0,4522.0,1081600.0,4074.043212890625
2018-11-14,4588.0,4533.0,4551.0,4547.0,863300.0,4096.56640625
2018-11-15,4525.0,4468.0,4488.0,4512.0,1330400.0,4065.03369140625
2018-11-16,4602.0,4499.0,4514.0,4540.0,1439600.0,4090.26025390625
2018-11-19,4529.0,4378.0,4526.0,4439.0,1440100.0,3999.2646484375
2018-11-20,4547.0,4403.0,4421.0,4524.0,1298500.0,4075.8447265625
2018-11-21,4493.0,4430.0,4454.0,4476.0,708600.0,4032.599365234375
2018-11-22,4533.0,4458.0,4529.0,4525.0,859400.0,4076.745361328125
2018-11-23,4525.0,4525.0,4525.0,4525.0,0.0,4076.745361328125
2018-11-26,4499.0,4421.0,4499.0,4471.0,1243900.0,4028.094482421875
2018-11-27,4537.0,4477.0,4535.0,4522.0,916000.0,4074.043212890625
2018-11-28,4575.0,4514.0,4530.0,4568.0,1080400.0,4115.48583984375
2018-11-29,4616.0,4562.0,4601.0,4566.0,837100.0,4113.6845703125
2018-11-30,4577.0,4527.0,4533.0,4552.0,1090200.0,4101.0712890625
2018-12-03,4648.0,4552.0,4616.0,4617.0,1077000.0,4159.63232421875
2018-12-04,4576.0,4433.0,4562.0,4444.0,1467600.0,4003.76953125
2018-12-05,4374.0,4250.0,4314.0,4293.0,2419600.0,3867.727783203125
2018-12-06,4296.0,4252.0,4267.0,4296.0,1524900.0,3870.430908203125
2018-12-07,4333.0,4267.0,4289.0,4319.0,1495000.0,3891.152587890625
2018-12-10,4280.0,4198.0,4261.0,4233.0,1450200.0,3813.671630859375
2018-12-11,4237.0,4135.0,4235.0,4199.0,1312900.0,3783.0400390625
2018-12-12,4350.0,4279.0,4339.0,4301.0,1665000.0,3874.935302734375
2018-12-13,4368.0,4279.0,4318.0,4324.0,1582400.0,3895.656982421875
2018-12-14,4333.0,4224.0,4280.0,4227.0,1977100.0,3808.266357421875
2018-12-17,4318.0,4251.0,4309.0,4261.0,913900.0,3838.898193359375
2018-12-18,4242.0,4159.0,4202.0,4230.0,1423300.0,3810.96875
2018-12-19,4256.0,4147.0,4194.0,4183.0,1260500.0,3768.624755859375
2018-12-20,4172.0,4084.0,4137.0,4103.0,1207900.0,3696.5498046875
2018-12-21,4103.0,3981.0,4081.0,4019.0,1441100.0,3620.870849609375
2018-12-24,4019.0,4019.0,4019.0,4019.0,0.0,3620.870849609375
2018-12-25,3961.0,3876.0,3955.0,3935.0,1192400.0,3545.192138671875
2018-12-26,3981.0,3883.0,3920.0,3934.0,935400.0,3544.291259765625
2018-12-27,4101.0,4025.0,4074.0,4043.0,1288900.0,3642.4931640625
2018-12-28,4060.0,3968.0,4000.0,4022.0,807800.0,3623.57373046875
2018-12-31,4022.0,4022.0,4022.0,4022.0,0.0,3623.57373046875
2019-01-04,4040.0,3966.0,3973.0,4034.0,1155200.0,3634.385009765625
2019-01-07,4157.0,4080.0,4157.0,4094.0,1110200.0,3688.44140625
2019-01-08,4170.0,4099.0,4119.0,4128.0,1164700.0,3719.0732421875
2019-01-09,4185.0,4136.0,4159.0,4174.0,973600.0,3760.51611328125
2019-01-10,4187.0,4132.0,4137.0,4177.0,841200.0,3763.21923828125
2019-01-11,4250.0,4175.0,4244.0,4200.0,931900.0,3783.940673828125
2019-01-15,4263.0,4195.0,4225.0,4205.0,1052300.0,3788.4453125
2019-01-16,4192.0,4102.0,4192.0,4127.0,1312600.0,3718.172607421875
2019-01-17,4228.0,4154.0,4202.0,4170.0,1436200.0,3756.91259765625
2019-01-18,4249.0,4194.0,4213.0,4213.0,989200.0,3795.6533203125
2019-01-21,4289.0,4237.0,4255.0,4241.0,668000.0,3820.87939453125
2019-01-22,4256.0,4173.0,4245.0,4190.0,752900.0,3774.93115234375
2019-01-23,4197.0,4160.0,4165.0,4168.0,870000.0,3755.11083984375
2019-01-24,4252.0,4210.0,4216.0,4249.0,1235100.0,3828.08642578125
2019-01-25,4310.0,4253.0,4260.0,4267.0,1214000.0,3844.303955078125
2019-01-28,4295.0,4237.0,4272.0,4248.0,922500.0,3827.18603515625
2019-01-29,4248.0,4187.0,4216.0,4236.0,883800.0,3816.37451171875
2019-01-30,4218.0,4174.0,4192.0,4175.0,1352100.0,3761.41748046875
2019-01-31,4248.0,4105.0,4245.0,4127.0,2157900.0,3718.172607421875
2019-02-01,4134.0,4073.0,4119.0,4094.0,1434500.0,3688.44140625
2019-02-04,4171.0,4121.0,4139.0,4126.0,1241000.0,3717.27099609375
2019-02-05,4168.0,4126.0,4147.0,4138.0,938700.0,3728.082275390625
2019-02-06,4168.0,4124.0,4138.0,4125.0,874700.0,3716.3701171875
2019-02-07,4125.0,4067.0,4110.0,4082.0,798800.0,3677.6298828125
2019-02-08,4049.0,3981.0,4047.0,3988.0,992300.0,3592.941650390625
2019-02-12,4084.0,3993.0,4037.0,4059.0,1417100.0,3656.908447265625
2019-02-13,4106.0,4068.0,4079.0,4074.0,1091000.0,3670.422607421875
2019-02-14,4135.0,4102.0,4113.0,4122.0,1166400.0,3713.66748046875
2019-02-15,4117.0,4046.0,4101.0,4102.0,881300.0,3695.64892578125
2019-02-18,4210.0,4163.0,4194.0,4178.0,1047600.0,3764.119873046875
2019-02-19,4209.0,4158.0,4158.0,4201.0,780800.0,3784.841796875
2019-02-20,4254.0,4196.0,4222.0,4210.0,962500.0,3792.949951171875
2019-02-21,4242.0,4178.0,4217.0,4219.0,1155800.0,3801.05859375
2019-02-22,4199.0,4165.0,4192.0,4173.0,713200.0,3759.61572265625
2019-02-25,4214.0,4172.0,4199.0,4197.0,860700.0,3781.237548828125
2019-02-26,4198.0,4163.0,4193.0,4194.0,802900.0,3778.535400390625
2019-02-27,4235.0,4197.0,4208.0,4213.0,1116100.0,3795.6533203125
2019-02-28,4233.0,4198.0,4206.0,4219.0,1108800.0,3801.05859375
2019-03-01,4262.0,4228.0,4244.0,4246.0,906400.0,3825.383544921875
2019-03-04,4277.0,4230.0,4277.0,4251.0,696900.0,3829.88818359375
2019-03-05,4276.0,4224.0,4253.0,4269.0,895100.0,3846.105712890625
2019-03-06,4262.0,4214.0,4248.0,4235.0,934000.0,3815.473388671875
2019-03-07,4228.0,4181.0,4202.0,4214.0,1147800.0,3796.553955078125
2019-03-08,4187.0,4077.0,4166.0,4088.0,2989300.0,3683.03564453125
2019-03-11,4141.0,4074.0,4086.0,4126.0,597300.0,3717.27099609375
2019-03-12,4232.0,4154.0,4160.0,4214.0,992400.0,3796.553955078125
2019-03-13,4215.0,4142.0,4208.0,4157.0,1033000.0,3745.200439453125
2019-03-14,4227.0,4169.0,4197.0,4169.0,681200.0,3756.011962890625
2019-03-15,4237.0,4186.0,4190.0,4202.0,1682300.0,3785.742431640625
2019-03-18,4216.0,4168.0,4216.0,4199.0,569900.0,3783.0400390625
2019-03-19,4226.0,4177.0,4225.0,4204.0,580200.0,3787.54443359375
2019-03-20,4201.0,4166.0,4166.0,4196.0,669200.0,3780.3369140625
2019-03-22,4172.0,4141.0,4168.0,4148.0,1216800.0,3737.092041015625
2019-03-25,4080.0,4025.0,4073.0,4051.0,902800.0,3649.700927734375
2019-03-26,4124.0,4033.0,4059.0,4104.0,818100.0,3697.45068359375
2019-03-27,4042.0,3980.0,4032.0,4037.0,690200.0,3704.792236328125
2019-03-28,4038.0,3975.0,4023.0,3987.0,575700.0,3658.90673828125
2019-03-29,4030.0,3971.0,4030.0,3976.0,863700.0,3648.81201171875
2019-04-01,4063.0,4031.0,4038.0,4037.0,737200.0,3704.792236328125
2019-04-02,4112.0,4068.0,4099.0,4076.0,548100.0,3740.5830078125
2019-04-03,4126.0,4083.0,4108.0,4120.0,596100.0,3780.962158203125
2019-04-04,4107.0,4072.0,4098.0,4085.0,442400.0,3748.84228515625
2019-04-05,4113.0,4079.0,4087.0,4094.0,721900.0,3757.1015625
2019-04-08,4088.0,4036.0,4084.0,4061.0,524600.0,3726.817138671875
2019-04-09,4039.0,3979.0,3984.0,4036.0,467800.0,3703.874267578125
2019-04-10,4016.0,3983.0,3985.0,4014.0,413200.0,3683.68505859375
2019-04-11,4000.0,3928.0,3986.0,3984.0,1043400.0,3656.153564453125
2019-04-12,4004.0,3940.0,3992.0,3956.0,1088100.0,3630.457763671875
2019-04-15,4064.0,4019.0,4050.0,4026.0,1113800.0,3694.697509765625
2019-04-16,4035.0,3989.0,3989.0,4013.0,923700.0,3682.76708984375
2019-04-17,4069.0,4029.0,4029.0,4041.0,1018600.0,3708.463134765625
2019-04-18,4065.0,3983.0,4024.0,3988.0,776500.0,3659.82470703125
2019-04-19,4000.0,3960.0,4000.0,3961.0,504500.0,3635.046142578125
2019-04-22,3969.0,3918.0,3937.0,3969.0,612300.0,3642.387939453125
2019-04-23,4025.0,3968.0,3970.0,3971.0,1023800.0,3644.2236328125
2019-04-24,3929.0,3857.0,3922.0,3871.0,1721500.0,3552.45263671875
2019-04-25,3882.0,3809.0,3878.0,3869.0,1155900.0,3550.616943359375
2019-04-26,3870.0,3813.0,3836.0,3864.0,860400.0,3546.028564453125
2019-05-07,3924.0,3804.0,3916.0,3839.0,1449400.0,3523.0859375
2019-05-08,3815.0,3778.0,3801.0,3799.0,1134100.0,3486.37744140625
2019-05-09,3797.0,3738.0,3773.0,3767.0,1170100.0,3457.0107421875
2019-05-10,3789.0,3717.0,3764.0,3747.0,1401400.0,3438.65673828125
2019-05-13,3744.0,3720.0,3733.0,3731.0,771700.0,3423.973388671875
2019-05-14,3713.0,3623.0,3630.0,3713.0,1088800.0,3407.45458984375
2019-05-15,3737.0,3681.0,3731.0,3719.0,1344700.0,3412.960693359375
2019-05-16,3832.0,3736.0,3775.0,3775.0,2157000.0,3464.3525390625
2019-05-17,3847.0,3759.0,3805.0,3809.0,1449300.0,3495.5546875
2019-05-20,3861.0,3814.0,3818.0,3846.0,1182800.0,3529.509765625
2019-05-21,3919.0,3808.0,3813.0,3911.0,1683200.0,3589.160888671875
2019-05-22,3934.0,3901.0,3924.0,3922.0,1232800.0,3599.255615234375
2019-05-23,3946.0,3876.0,3898.0,3930.0,1026800.0,3606.597412109375
2019-05-24,3954.0,3871.0,3883.0,3941.0,1130900.0,3616.692138671875
2019-05-27,3966.0,3919.0,3930.0,3949.0,722400.0,3624.033935546875
2019-05-28,3998.0,3940.0,3943.0,3990.0,1007400.0,3661.659912109375
2019-05-29,3990.0,3937.0,3944.0,3975.0,1097700.0,3647.894287109375
2019-05-30,4036.0,3961.0,3966.0,4025.0,1172400.0,3693.77978515625
2019-05-31,4017.0,3967.0,3990.0,3985.0,1231600.0,3657.071533203125
2019-06-03,3986.0,3932.0,3943.0,3986.0,978700.0,3657.989501953125
2019-06-04,3999.0,3951.0,3986.0,3982.0,1228100.0,3654.318359375
2019-06-05,4094.0,4025.0,4040.0,4054.0,1546500.0,3720.393310546875
2019-06-06,4035.0,3968.0,4001.0,4033.0,1328500.0,3701.121826171875
2019-06-07,4027.0,3970.0,4015.0,4003.0,1498700.0,3673.590087890625
2019-06-10,4039.0,3999.0,4030.0,4010.0,1071800.0,3680.013916015625
2019-06-11,4044.0,3990.0,3993.0,4032.0,1439200.0,3700.20361328125
2019-06-12,4033.0,3978.0,4026.0,3986.0,1440800.0,3657.989501953125
2019-06-13,3980.0,3930.0,3961.0,3974.0,1260200.0,3646.9765625
2019-06-14,3971.0,3942.0,3971.0,3949.0,1436300.0,3624.033935546875
2019-06-17,3963.0,3879.0,3934.0,3880.0,1860400.0,3560.7119140625
2019-06-18,3926.0,3865.0,3878.0,3885.0,1292200.0,3565.300537109375
2019-06-19,3953.0,3909.0,3916.0,3928.0,1759400.0,3604.76220703125
2019-06-20,3954.0,3918.0,3924.0,3928.0,831100.0,3604.76220703125
2019-06-21,3922.0,3871.0,3912.0,3895.0,2032500.0,3574.477783203125
2019-06-24,3919.0,3886.0,3907.0,3918.0,776300.0,3595.584716796875
2019-06-25,3921.0,3857.0,3885.0,3875.0,1332300.0,3556.123291015625
2019-06-26,3892.0,3841.0,3852.0,3874.0,967800.0,3555.20556640625
2019-06-27,3927.0,3874.0,3879.0,3914.0,895800.0,3591.9140625
2019-06-28,3925.0,3876.0,3903.0,3906.0,939700.0,3584.572509765625
2019-07-01,4005.0,3966.0,3976.0,3991.0,1447000.0,3662.577880859375
2019-07-02,4016.0,3988.0,4000.0,4000.0,812100.0,3670.837158203125
2019-07-03,3965.0,3922.0,3962.0,3943.0,1165000.0,3618.527587890625
2019-07-04,3952.0,3928.0,3952.0,3936.0,655300.0,3612.103759765625
2019-07-05,3958.0,3920.0,3925.0,3937.0,626700.0,3613.021240234375
2019-07-08,3984.0,3936.0,3968.0,3943.0,714300.0,3618.527587890625
2019-07-09,3994.0,3934.0,3952.0,3955.0,856700.0,3629.5400390625
2019-07-10,3955.0,3921.0,3929.0,3946.0,1294800.0,3621.28076171875
2019-07-11,3972.0,3943.0,3951.0,3953.0,731200.0,3627.704833984375
2019-07-12,3968.0,3935.0,3953.0,3954.0,805800.0,3628.622314453125
2019-07-16,3939.0,3905.0,3937.0,3919.0,917700.0,3596.50244140625
2019-07-17,3938.0,3876.0,3900.0,3899.0,875300.0,3578.148193359375
2019-07-18,3873.0,3807.0,3868.0,3821.0,1345900.0,3506.56689453125
2019-07-19,3902.0,3825.0,3860.0,3886.0,972400.0,3566.218505859375
2019-07-22,3912.0,3870.0,3901.0,3880.0,564800.0,3560.7119140625
2019-07-23,3895.0,3854.0,3859.0,3875.0,471100.0,3556.123291015625
2019-07-24,3928.0,3897.0,3920.0,3900.0,881100.0,3579.066162109375
2019-07-25,3937.0,3898.0,3937.0,3900.0,497400.0,3579.066162109375
2019-07-26,3902.0,3870.0,3885.0,3892.0,603600.0,3571.724365234375
2019-07-29,3899.0,3861.0,3896.0,3870.0,577300.0,3551.53466796875
2019-07-30,3885.0,3852.0,3860.0,3878.0,727500.0,3558.87646484375
2019-07-31,3789.0,3693.0,3755.0,3734.0,2226600.0,3426.7265625
2019-08-01,3763.0,3707.0,3708.0,3717.0,1127100.0,3411.125244140625
2019-08-02,3652.0,3594.0,3625.0,3612.0,1725700.0,3314.765625
2019-08-05,3574.0,3498.0,3571.0,3528.0,1255700.0,3237.67822265625
2019-08-06,3542.0,3431.0,3458.0,3538.0,1363700.0,3246.855224609375
2019-08-07,3600.0,3525.0,3528.0,3569.0,1429700.0,3275.304443359375
2019-08-08,3541.0,3503.0,3540.0,3522.0,931800.0,3232.172119140625
2019-08-09,3540.0,3495.0,3540.0,3510.0,1076600.0,3221.159423828125
2019-08-13,3481.0,3438.0,3464.0,3470.0,943500.0,3184.451171875
2019-08-14,3482.0,3454.0,3472.0,3477.0,917000.0,3190.875
2019-08-15,3439.0,3386.0,3398.0,3438.0,735200.0,3155.084716796875
2019-08-16,3415.0,3391.0,3404.0,3400.0,947500.0,3120.211669921875
2019-08-19,3446.0,3407.0,3415.0,3442.0,711100.0,3158.75537109375
2019-08-20,3454.0,3432.0,3445.0,3443.0,544300.0,3159.673095703125
2019-08-21,3442.0,3385.0,3394.0,3437.0,873200.0,3154.166748046875
2019-08-22,3441.0,3412.0,3438.0,3423.0,618100.0,3141.31884765625
2019-08-23,3447.0,3404.0,3419.0,3437.0,537700.0,3154.166748046875
2019-08-26,3408.0,3326.0,3331.0,3397.0,949500.0,3117.458251953125
2019-08-27,3457.0,3402.0,3439.0,3410.0,1065300.0,3129.388427734375
2019-08-28,3422.0,3374.0,3377.0,3403.0,845100.0,3122.964599609375
2019-08-29,3427.0,3399.0,3422.0,3426.0,613900.0,3144.07177734375
2019-08-30,3479.0,3430.0,3460.0,3472.0,1125100.0,3186.28662109375
2019-09-02,3474.0,3440.0,3444.0,3468.0,498500.0,3182.615478515625
2019-09-03,3515.0,3470.0,3470.0,3503.0,868300.0,3214.7353515625
2019-09-04,3495.0,3455.0,3480.0,3490.0,711300.0,3202.805419921875
2019-09-05,3569.0,3494.0,3494.0,3540.0,1234600.0,3248.69091796875
2019-09-06,3586.0,3541.0,3564.0,3556.0,606100.0,3263.374267578125
2019-09-09,3649.0,3555.0,3556.0,3643.0,1761100.0,3343.21484375
2019-09-10,3758.0,3705.0,3709.0,3758.0,2089800.0,3448.75146484375
2019-09-11,3895.0,3835.0,3883.0,3894.0,2002700.0,3573.559814453125
2019-09-12,3937.0,3850.0,3937.0,3912.0,1741800.0,3590.07861328125
2019-09-13,3982.0,3918.0,3982.0,3979.0,2234700.0,3651.56494140625
2019-09-17,4053.0,3940.0,3953.0,4021.0,1458200.0,3690.10888671875
2019-09-18,3998.0,3925.0,3980.0,3983.0,1588000.0,3655.236083984375
2019-09-19,4071.0,3997.0,4013.0,4016.0,1692700.0,3685.520263671875
2019-09-20,4039.0,3976.0,4015.0,3986.0,2872400.0,3657.989501953125
2019-09-24,3976.0,3936.0,3960.0,3947.0,1844300.0,3622.198486328125
2019-09-25,3977.0,3908.0,3921.0,3958.0,1182400.0,3632.293212890625
2019-09-26,4027.0,3989.0,3993.0,4002.0,1324000.0,3672.67236328125
2019-09-27,3959.0,3891.0,3930.0,3932.0,1153700.0,3677.3486328125
2019-09-30,3936.0,3880.0,3912.0,3896.0,1351800.0,3643.68017578125
2019-10-01,3960.0,3895.0,3910.0,3913.0,1100800.0,3659.5791015625
2019-10-02,3911.0,3859.0,3864.0,3896.0,1418800.0,3643.68017578125
2019-10-03,3819.0,3779.0,3798.0,3816.0,1221500.0,3568.861328125
2019-10-04,3775.0,3737.0,3769.0,3770.0,1057500.0,3525.84033203125
2019-10-07,3795.0,3720.0,3780.0,3739.0,899000.0,3496.84814453125
2019-10-08,3749.0,3710.0,3725.0,3722.0,1250700.0,3480.94921875
2019-10-09,3678.0,3637.0,3639.0,3667.0,1368100.0,3429.510986328125
2019-10-10,3700.0,3644.0,3676.0,3698.0,891400.0,3458.50341796875
2019-10-11,3752.0,3695.0,3719.0,3741.0,1081300.0,3498.718505859375
2019-10-15,3821.0,3792.0,3800.0,3797.0,1520100.0,3551.092041015625
2019-10-16,3896.0,3815.0,3867.0,3830.0,1182400.0,3581.95458984375
2019-10-17,3844.0,3799.0,3831.0,3827.0,808800.0,3579.14892578125
2019-10-18,3877.0,3822.0,3850.0,3843.0,704800.0,3594.112548828125
2019-10-21,3883.0,3857.0,3861.0,3870.0,552500.0,3619.364013671875
2019-10-23,3918.0,3851.0,3868.0,3914.0,960600.0,3660.514404296875
2019-10-24,3956.0,3913.0,3927.0,3941.0,815900.0,3685.765869140625
2019-10-25,3966.0,3921.0,3944.0,3963.0,671500.0,3706.3408203125
2019-10-28,3987.0,3959.0,3970.0,3965.0,480400.0,3708.211669921875
2019-10-29,4061.0,4021.0,4022.0,4031.0,1256100.0,3769.93701171875
2019-10-30,4021.0,3989.0,4001.0,3998.0,1792600.0,3739.07421875
2019-10-31,4000.0,3932.0,3981.0,3976.0,1014600.0,3718.4990234375
2019-11-01,3988.0,3923.0,3932.0,3981.0,600300.0,3723.175048828125
2019-11-05,4112.0,4045.0,4098.0,4077.0,1537200.0,3812.9580078125
2019-11-06,4148.0,4090.0,4147.0,4123.0,924600.0,3855.978759765625
2019-11-07,4168.0,4092.0,4134.0,4108.0,1353800.0,3841.950439453125
2019-11-08,4167.0,4119.0,4160.0,4140.0,878300.0,3871.8779296875
2019-11-11,4160.0,4122.0,4135.0,4124.0,586000.0,3856.9140625
2019-11-12,4145.0,4096.0,4119.0,4138.0,790000.0,3870.007568359375
2019-11-13,4165.0,4107.0,4160.0,4122.0,825900.0,3855.043701171875
2019-11-14,4230.0,4134.0,4225.0,4159.0,1314400.0,3889.6474609375
2019-11-15,4196.0,4112.0,4136.0,4183.0,1185800.0,3912.093017578125
2019-11-18,4179.0,4147.0,4164.0,4178.0,450300.0,3907.416748046875
2019-11-19,4292.0,4201.0,4212.0,4291.0,1595000.0,4013.098388671875
2019-11-20,4270.0,4184.0,4250.0,4197.0,910100.0,3925.186279296875
2019-11-21,4225.0,4138.0,4202.0,4210.0,658600.0,3937.344482421875
2019-11-22,4263.0,4224.0,4240.0,4229.0,980900.0,3955.114013671875
2019-11-25,4285.0,4245.0,4247.0,4269.0,743000.0,3992.5234375
2019-11-26,4273.0,4209.0,4257.0,4211.0,1260200.0,3938.27978515625
2019-11-27,4220.0,4166.0,4216.0,4179.0,1100100.0,3908.35205078125
2019-11-28,4205.0,4164.0,4187.0,4176.0,624400.0,3905.546142578125
2019-11-29,4225.0,4177.0,4212.0,4187.0,729800.0,3915.833984375
2019-12-02,4220.0,4159.0,4180.0,4195.0,640700.0,3923.316162109375
2019-12-03,4250.0,4147.0,4160.0,4246.0,1211900.0,3971.0126953125
2019-12-04,4234.0,4191.0,4210.0,4233.0,790500.0,3958.854736328125
2019-12-05,4269.0,4227.0,4259.0,4234.0,713600.0,3959.789794921875
2019-12-06,4251.0,4197.0,4245.0,4222.0,934900.0,3948.567138671875
2019-12-09,4262.0,4218.0,4260.0,4233.0,740700.0,3958.854736328125
2019-12-10,4242.0,4201.0,4229.0,4210.0,808500.0,3937.344482421875
2019-12-11,4210.0,4144.0,4210.0,4170.0,1339800.0,3899.934814453125
2019-12-12,4200.0,4142.0,4185.0,4151.0,808600.0,3882.16552734375
2019-12-13,4316.0,4223.0,4243.0,4295.0,2253200.0,4016.83984375
2019-12-16,4303.0,4277.0,4285.0,4291.0,840900.0,4013.098388671875
2019-12-17,4331.0,4271.0,4326.0,4289.0,1153700.0,4011.228515625
2019-12-18,4418.0,4347.0,4402.0,4359.0,1398600.0,4076.694580078125
2019-12-19,4408.0,4383.0,4392.0,4405.0,1186900.0,4119.7158203125
2019-12-20,4403.0,4340.0,4399.0,4366.0,1157200.0,4083.241455078125
2019-12-23,4354.0,4323.0,4352.0,4346.0,450300.0,4064.5361328125
2019-12-24,4357.0,4327.0,4345.0,4331.0,530000.0,4050.5078125
2019-12-25,4351.0,4307.0,4351.0,4314.0,364400.0,4034.60888671875
2019-12-26,4346.0,4316.0,4320.0,4345.0,363200.0,4063.601318359375
2019-12-27,4388.0,4351.0,4357.0,4381.0,507100.0,4097.26953125
2019-12-30,4363.0,4319.0,4350.0,4337.0,503800.0,4056.119140625
2020-01-06,4288.0,4232.0,4267.0,4276.0,1024400.0,3999.06982421875
2020-01-07,4315.0,4286.0,4296.0,4303.0,797700.0,4024.321533203125
2020-01-08,4265.0,4202.0,4210.0,4250.0,911300.0,3974.75390625
2020-01-09,4323.0,4281.0,4320.0,4298.0,640300.0,4019.6455078125
2020-01-10,4309.0,4277.0,4282.0,4277.0,514400.0,4000.005615234375
2020-01-14,4247.0,4205.0,4228.0,4219.0,1159100.0,3945.761962890625
2020-01-15,4212.0,4176.0,4179.0,4205.0,690400.0,3932.668212890625
2020-01-16,4199.0,4136.0,4194.0,4142.0,836900.0,3873.748291015625
2020-01-17,4179.0,4137.0,4158.0,4161.0,933600.0,3891.517822265625
2020-01-20,4210.0,4184.0,4200.0,4186.0,438700.0,3914.89892578125
2020-01-21,4193.0,4151.0,4188.0,4175.0,482100.0,3904.611083984375
2020-01-22,4184.0,4147.0,4183.0,4164.0,634600.0,3894.32373046875
2020-01-23,4163.0,4127.0,4156.0,4134.0,730900.0,3866.266357421875
2020-01-24,4142.0,4119.0,4120.0,4128.0,478000.0,3860.655029296875
2020-01-27,4098.0,4011.0,4017.0,4088.0,693900.0,3823.245849609375
2020-01-28,4080.0,4021.0,4073.0,4063.0,996500.0,3799.864501953125
2020-01-29,4093.0,4051.0,4070.0,4088.0,707100.0,3823.245849609375
2020-01-30,4095.0,4000.0,4057.0,4040.0,1008400.0,3778.354248046875
2020-01-31,4160.0,4050.0,4144.0,4083.0,1216000.0,3818.5693359375
2020-02-03,4052.0,4015.0,4032.0,4015.0,872000.0,3754.973388671875
2020-02-04,4047.0,3969.0,3987.0,4045.0,1004800.0,3783.0302734375
2020-02-05,4095.0,4058.0,4069.0,4067.0,719700.0,3803.605712890625
2020-02-06,4157.0,4128.0,4130.0,4144.0,882300.0,3875.618896484375
2020-02-07,4138.0,4090.0,4123.0,4099.0,700700.0,3833.532958984375
2020-02-10,4148.0,4074.0,4074.0,4127.0,649100.0,3859.7197265625
2020-02-12,4125.0,4065.0,4118.0,4087.0,786200.0,3822.310302734375
2020-02-13,4055.0,4020.0,4055.0,4030.0,861400.0,3769.001953125
2020-02-14,4025.0,4000.0,4008.0,4023.0,654100.0,3762.455078125
2020-02-17,4003.0,3968.0,3985.0,3992.0,586000.0,3733.462646484375
2020-02-18,3996.0,3961.0,3985.0,3974.0,634300.0,3716.628662109375
2020-02-19,3988.0,3957.0,3970.0,3970.0,746700.0,3712.8876953125
2020-02-20,4030.0,3981.0,4007.0,4001.0,800600.0,3741.8798828125
2020-02-21,4078.0,4014.0,4021.0,4053.0,1313500.0,3790.512451171875
2020-02-25,3940.0,3854.0,3854.0,3887.0,1744400.0,3635.262939453125
2020-02-26,3874.0,3806.0,3849.0,3863.0,1051800.0,3612.8173828125
2020-02-27,3830.0,3767.0,3818.0,3783.0,1289400.0,3537.99853515625
2020-02-28,3720.0,3652.0,3704.0,3700.0,2741700.0,3460.3740234375
2020-03-02,3716.0,3613.0,3626.0,3679.0,1617700.0,3440.73388671875
2020-03-03,3728.0,3646.0,3726.0,3649.0,1295700.0,3412.677001953125
2020-03-04,3581.0,3523.0,3550.0,3525.0,1807900.0,3296.70751953125
2020-03-05,3556.0,3488.0,3542.0,3540.0,1692000.0,3310.736328125
2020-03-06,3457.0,3329.0,3438.0,3368.0,1855500.0,3149.875244140625
2020-03-09,3273.0,3067.0,3228.0,3089.0,1663700.0,2888.94482421875
2020-03-10,3187.0,2980.0,3037.0,3161.0,2412100.0,2956.281494140625
2020-03-11,3230.0,3128.0,3149.0,3159.0,1916100.0,2954.4111328125
2020-03-12,3072.0,2941.0,3063.0,2944.5,2483400.0,2753.80322265625
2020-03-13,2831.5,2618.0,2653.0,2697.0,3578200.0,2522.331787109375
2020-03-16,2847.0,2633.5,2697.5,2764.5,2030200.0,2585.46044921875
2020-03-17,2819.0,2640.0,2734.0,2802.0,2488600.0,2620.531982421875
2020-03-18,2931.5,2720.0,2821.5,2729.0,2134300.0,2552.259765625
2020-03-19,2923.0,2772.5,2779.0,2883.5,2444300.0,2696.75341796875
2020-03-23,2934.0,2756.0,2783.5,2907.0,2771000.0,2718.731689453125
2020-03-24,3103.0,2953.5,2973.5,3041.0,1673600.0,2844.05322265625
2020-03-25,3342.0,3248.0,3268.0,3336.0,1971900.0,3119.94775390625
2020-03-26,3382.0,3277.0,3300.0,3333.0,1788500.0,3117.142333984375
2020-03-27,3529.0,3346.0,3462.0,3401.0,2234800.0,3180.73828125
2020-03-30,3325.0,3208.0,3243.0,3284.0,1975800.0,3140.57275390625
2020-03-31,3262.0,3091.0,3215.0,3124.0,1934000.0,2987.560791015625
2020-04-01,3188.0,3034.0,3078.0,3059.0,1468100.0,2925.3994140625
2020-04-02,3097.0,3001.0,3048.0,3067.0,1635500.0,2933.050048828125
2020-04-03,3122.0,3012.0,3047.0,3048.0,1373300.0,2914.8798828125
2020-04-06,3158.0,3019.0,3065.0,3121.0,1331500.0,2984.691650390625
2020-04-07,3223.0,3027.0,3156.0,3121.0,1574900.0,2984.691650390625
2020-04-08,3135.0,3044.0,3122.0,3098.0,1284100.0,2962.6962890625
2020-04-09,3101.0,3041.0,3090.0,3084.0,1251900.0,2949.3076171875
2020-04-10,3180.0,3078.0,3114.0,3155.0,1016100.0,3017.20654296875
2020-04-13,3153.0,3080.0,3108.0,3080.0,543100.0,2945.482421875
2020-04-14,3125.0,3039.0,3065.0,3105.0,992100.0,2969.390380859375
2020-04-15,3096.0,3025.0,3062.0,3064.0,1247700.0,2930.18115234375
2020-04-16,3036.0,2982.5,3010.0,3022.0,1151700.0,2890.015625
2020-04-17,3117.0,3009.0,3019.0,3088.0,1163200.0,2953.1328125
2020-04-20,3092.0,3039.0,3058.0,3040.0,791900.0,2907.229248046875
2020-04-21,3033.0,3000.0,3026.0,3023.0,869800.0,2890.9716796875
2020-04-22,3071.0,2999.0,3006.0,3043.0,827400.0,2910.09814453125
2020-04-23,3127.0,3011.0,3011.0,3127.0,766100.0,2990.4296875
2020-04-24,3120.0,3072.0,3098.0,3112.0,909400.0,2976.084716796875
2020-04-27,3167.0,3076.0,3122.0,3165.0,847900.0,3026.77001953125
2020-04-28,3176.0,3118.0,3176.0,3148.0,706400.0,3010.512451171875
2020-04-30,3273.0,3158.0,3242.0,3161.0,1549100.0,3022.944580078125
2020-05-01,3096.0,3014.0,3090.0,3046.0,1037400.0,2912.967041015625
2020-05-07,2998.0,2961.5,2985.0,2991.5,1237500.0,2860.847412109375
2020-05-08,3082.0,2998.0,3017.0,3061.0,1084800.0,2927.31201171875
2020-05-11,3081.0,3045.0,3050.0,3058.0,1053800.0,2924.443115234375
2020-05-12,3082.0,3008.0,3077.0,3018.0,871000.0,2886.190185546875
2020-05-13,3057.0,2999.0,3003.0,3043.0,1187600.0,2910.09814453125
2020-05-14,3054.0,2979.5,3045.0,2980.5,849600.0,2850.327880859375
2020-05-15,2982.5,2921.0,2970.0,2947.5,1575400.0,2818.76904296875
2020-05-18,2943.5,2881.0,2921.0,2892.0,1387500.0,2765.693115234375
2020-05-19,3030.0,2962.0,2992.0,3008.0,1917800.0,2876.626708984375
2020-05-20,2982.0,2936.0,2973.0,2947.5,1444800.0,2818.76904296875
2020-05-21,2994.5,2940.0,2979.0,2947.5,1116300.0,2818.76904296875
2020-05-22,2936.0,2844.5,2919.5,2854.5,1292500.0,2729.830810546875
2020-05-25,2917.0,2887.5,2897.0,2898.5,898000.0,2771.9091796875
2020-05-26,2969.0,2900.0,2910.0,2965.0,1065700.0,2835.5048828125
2020-05-27,3081.0,2983.0,3010.0,3055.0,2462200.0,2921.573974609375
2020-05-28,3216.0,3111.0,3117.0,3197.0,2279000.0,3057.372314453125
2020-05-29,3226.0,3133.0,3134.0,3171.0,3681300.0,3032.508056640625
2020-06-01,3171.0,3090.0,3142.0,3107.0,1143700.0,2971.30322265625
2020-06-02,3189.0,3130.0,3132.0,3163.0,1010100.0,3024.857177734375
2020-06-03,3250.0,3170.0,3233.0,3203.0,965100.0,3063.1103515625
2020-06-04,3296.0,3189.0,3283.0,3221.0,1333500.0,3080.32421875
2020-06-05,3281.0,3219.0,3255.0,3270.0,1249800.0,3127.18408203125
2020-06-08,3406.0,3273.0,3309.0,3389.0,2877500.0,3240.98681640625
2020-06-09,3412.0,3336.0,3381.0,3350.0,2028600.0,3203.690185546875
2020-06-10,3311.0,3253.0,3311.0,3277.0,1813300.0,3133.87841796875
2020-06-11,3231.0,3127.0,3207.0,3141.0,2250700.0,3003.818115234375
2020-06-12,3061.0,2984.5,3002.0,3043.0,2531900.0,2910.09814453125
2020-06-15,3073.0,3001.0,3036.0,3005.0,1609400.0,2873.7578125
2020-06-16,3157.0,3069.0,3090.0,3144.0,1558600.0,3006.687255859375
2020-06-17,3154.0,3107.0,3145.0,3117.0,1515600.0,2980.8662109375
2020-06-18,3100.0,3039.0,3082.0,3092.0,905400.0,2956.958251953125
2020-06-19,3100.0,3062.0,3093.0,3081.0,1481000.0,2946.4384765625
2020-06-22,3092.0,3066.0,3081.0,3067.0,571300.0,2933.050048828125
2020-06-23,3114.0,3044.0,3086.0,3103.0,815700.0,2967.477783203125
2020-06-24,3095.0,3052.0,3095.0,3062.0,1411000.0,2928.2685546875
2020-06-25,3032.0,2960.0,3032.0,2964.0,1403500.0,2834.54833984375
2020-06-26,3035.0,2980.0,3014.0,2989.0,1600000.0,2858.456787109375
2020-06-29,2968.0,2909.5,2949.5,2928.5,1605800.0,2800.59912109375
2020-06-30,3052.0,3000.0,3000.0,3025.0,1897900.0,2892.884521484375
2020-07-01,3065.0,2967.5,3054.0,2985.0,1368200.0,2854.63134765625
2020-07-02,3026.0,2966.0,2978.5,3002.0,1117300.0,2870.888916015625
2020-07-03,3045.0,2980.5,3021.0,3009.0,863200.0,2877.583251953125
2020-07-06,3060.0,3002.0,3002.0,3053.0,603400.0,2919.66162109375
2020-07-07,3053.0,2996.0,3047.0,3015.0,857400.0,2883.321044921875
2020-07-08,3029.0,2976.0,2996.0,2976.0,727300.0,2846.0244140625
2020-07-09,3015.0,2977.5,3004.0,2982.0,1067600.0,2851.762451171875
2020-07-10,2958.5,2907.5,2949.5,2907.5,1381100.0,2780.51611328125
2020-07-13,3012.0,2962.0,2987.0,2996.5,1240400.0,2865.629150390625
2020-07-14,3028.0,2978.0,2996.0,3002.0,1171000.0,2870.888916015625
2020-07-15,3040.0,2991.0,3019.0,3016.0,1030100.0,2884.277587890625
2020-07-16,3098.0,3022.0,3051.0,3040.0,1579200.0,2907.229248046875
2020-07-17,3038.0,2967.5,3029.0,2975.5,1549900.0,2845.54638671875
2020-07-20,2990.0,2958.0,2977.0,2984.0,787500.0,2853.675048828125
2020-07-21,2938.0,2904.5,2934.0,2932.0,1580300.0,2803.946044921875
2020-07-22,2975.0,2920.0,2953.5,2921.5,1611200.0,2793.904541015625
2020-07-27,2942.0,2865.0,2880.0,2939.0,1391100.0,2810.640380859375
2020-07-28,2966.0,2909.0,2964.0,2918.5,1606000.0,2791.03564453125
2020-07-29,2945.5,2917.0,2931.5,2933.5,1851800.0,2805.380615234375
2020-07-30,2906.0,2840.0,2894.0,2849.0,1351900.0,2724.5712890625
2020-07-31,2839.5,2705.5,2838.0,2710.0,1810900.0,2591.641845703125
2020-08-03,2805.5,2751.5,2783.5,2770.5,958500.0,2649.49951171875
2020-08-04,2849.5,2794.0,2795.0,2828.0,1120200.0,2704.48828125
2020-08-05,2843.0,2781.0,2782.0,2840.0,1197300.0,2715.96435546875
2020-08-06,2884.5,2829.5,2875.5,2844.5,738400.0,2720.267822265625
2020-08-07,2867.5,2827.5,2838.0,2867.5,1010600.0,2742.26318359375
2020-08-11,2945.5,2891.0,2925.0,2936.0,1563600.0,2807.771484375
2020-08-12,3019.0,2960.0,2961.0,3003.0,1914800.0,2871.84521484375
2020-08-13,3047.0,2998.0,3012.0,3036.0,1224100.0,2903.404052734375
2020-08-14,3018.0,2979.0,3018.0,2998.0,1303900.0,2867.063720703125
2020-08-17,3032.0,2998.5,3014.0,2998.5,912300.0,2867.541748046875
2020-08-18,2972.5,2921.0,2956.5,2953.5,915500.0,2824.507080078125
2020-08-19,2990.5,2931.5,2945.0,2983.5,748600.0,2853.19677734375
2020-08-20,2985.0,2954.5,2964.0,2960.5,524000.0,2831.201416015625
2020-08-21,3009.0,2941.0,3000.0,2943.5,833600.0,2814.94384765625
2020-08-24,2961.5,2934.5,2944.5,2944.0,613600.0,2815.421875
2020-08-25,3048.0,3008.0,3018.0,3037.0,1052600.0,2904.360107421875
2020-08-26,3034.0,2992.0,3020.0,3028.0,620700.0,2895.75341796875
2020-08-27,3030.0,2979.0,3014.0,2984.5,793900.0,2854.1533203125
2020-08-28,3135.0,3042.0,3056.0,3079.0,1801500.0,2944.52587890625
2020-08-31,3145.0,3068.0,3119.0,3071.0,1566700.0,2936.87548828125
2020-09-01,3067.0,3020.0,3033.0,3052.0,1058600.0,2918.705078125
2020-09-02,3050.0,3016.0,3050.0,3022.0,865000.0,2890.015625
2020-09-03,3076.0,3045.0,3062.0,3059.0,847100.0,2925.3994140625
2020-09-04,3086.0,3041.0,3068.0,3081.0,779700.0,2946.4384765625
2020-09-07,3102.0,3039.0,3082.0,3061.0,963500.0,2927.31201171875
2020-09-08,3066.0,3024.0,3060.0,3066.0,939600.0,2932.09375
2020-09-09,3010.0,2967.5,3007.0,2985.0,1537600.0,2854.63134765625
2020-09-10,3064.0,2993.0,3007.0,3063.0,1020900.0,2929.224853515625
2020-09-11,3085.0,3016.0,3057.0,3084.0,1304100.0,2949.3076171875
2020-09-14,3109.0,3055.0,3074.0,3104.0,897000.0,2968.434326171875
2020-09-15,3100.0,3060.0,3081.0,3097.0,776500.0,2961.73974609375
2020-09-16,3082.0,3045.0,3078.0,3058.0,811600.0,2924.443115234375
2020-09-17,3100.0,3035.0,3098.0,3044.0,828600.0,2911.0546875
2020-09-18,3053.0,2998.5,3025.0,3035.0,1327400.0,2902.447509765625
2020-09-23,3047.0,3001.0,3034.0,3009.0,1782900.0,2877.583251953125
2020-09-24,2969.0,2902.5,2962.5,2917.5,2051000.0,2790.07958984375
2020-09-25,2950.0,2914.5,2950.0,2924.5,1406000.0,2796.773681640625
2020-09-28,2971.5,2917.5,2936.0,2968.0,1466500.0,2838.373779296875
2020-09-29,2929.0,2883.0,2911.5,2898.5,1055200.0,2843.77001953125
2020-09-30,2863.0,2792.0,2845.5,2792.5,2000800.0,2739.771484375
2020-10-02,2831.0,2784.0,2815.0,2806.0,1775200.0,2753.0166015625
2020-10-05,2875.0,2817.0,2834.5,2847.5,1145700.0,2793.733154296875
2020-10-06,2884.0,2852.0,2869.5,2874.0,892800.0,2819.732666015625
2020-10-07,2894.5,2837.5,2854.0,2892.0,796200.0,2837.392822265625
2020-10-08,2897.0,2869.5,2886.5,2877.5,829800.0,2823.16650390625
2020-10-09,2875.0,2831.0,2873.0,2834.0,850900.0,2780.488037109375
2020-10-12,2859.0,2809.5,2827.0,2854.5,929500.0,2800.600830078125
2020-10-13,2900.0,2863.5,2892.0,2885.5,1008300.0,2831.015625
2020-10-14,2865.5,2840.0,2859.0,2858.0,1118400.0,2804.034912109375
2020-10-15,2869.5,2838.0,2843.5,2846.0,1457200.0,2792.261474609375
2020-10-16,2875.0,2842.5,2864.0,2850.0,733800.0,2796.185791015625
2020-10-19,2892.0,2867.0,2868.0,2871.0,909300.0,2816.789306640625
2020-10-20,2871.5,2845.5,2861.5,2859.5,1013700.0,2805.506591796875
2020-10-21,2898.5,2863.5,2876.0,2880.5,847900.0,2826.10986328125
2020-10-22,2881.0,2854.0,2857.0,2873.5,817700.0,2819.2421875
2020-10-23,2927.5,2872.5,2920.0,2903.5,928700.0,2848.67578125
2020-10-26,2891.5,2875.5,2885.5,2886.5,739200.0,2831.99658203125
2020-10-27,2881.5,2844.5,2878.0,2862.0,1098000.0,2807.959228515625
2020-10-28,2831.0,2793.0,2816.5,2808.0,1468000.0,2754.97900390625
2020-10-29,2819.5,2781.5,2790.0,2807.5,864200.0,2754.48828125
2020-10-30,2817.5,2769.5,2814.0,2783.5,1329200.0,2730.94140625
2020-11-02,2874.5,2811.0,2820.5,2863.5,1481300.0,2809.430908203125
2020-11-04,2966.0,2882.5,2949.0,2886.0,1383900.0,2831.506103515625
2020-11-05,2861.5,2795.0,2852.0,2835.5,1747400.0,2781.959716796875
2020-11-06,2885.5,2826.0,2854.0,2884.5,1600200.0,2830.034423828125
2020-11-09,2899.0,2853.0,2889.0,2865.5,1473500.0,2811.39306640625
2020-11-10,3099.0,2988.5,3070.0,3091.0,3465900.0,3032.63525390625
2020-11-11,3228.0,3130.0,3190.0,3164.0,2040500.0,3104.2568359375
2020-11-12,3168.0,3110.0,3150.0,3131.0,1359500.0,3071.8798828125
2020-11-13,3155.0,3047.0,3051.0,3101.0,1410000.0,3042.446533203125
2020-11-16,3184.0,3122.0,3143.0,3145.0,1117900.0,3085.61572265625
2020-11-17,3233.0,3171.0,3190.0,3227.0,1731200.0,3166.0673828125
2020-11-18,3228.0,3180.0,3202.0,3203.0,1266100.0,3142.5205078125
2020-11-19,3197.0,3148.0,3167.0,3180.0,994000.0,3119.954833984375
2020-11-20,3208.0,3141.0,3148.0,3205.0,1124200.0,3144.482666015625
2020-11-24,3311.0,3248.0,3305.0,3252.0,1266300.0,3190.59521484375
2020-11-25,3327.0,3242.0,3318.0,3256.0,1507200.0,3194.519775390625
2020-11-26,3271.0,3215.0,3239.0,3254.0,1161400.0,3192.557373046875
2020-11-27,3252.0,3182.0,3246.0,3200.0,1292600.0,3139.5771484375
2020-11-30,3191.0,3036.0,3172.0,3051.0,1967600.0,2993.390625
2020-12-01,3104.0,3049.0,3069.0,3097.0,1451300.0,3038.52197265625
2020-12-02,3178.0,3102.0,3122.0,3166.0,1736800.0,3106.218994140625
2020-12-03,3208.0,3157.0,3202.0,3173.0,1293800.0,3113.0869140625
2020-12-04,3181.0,3141.0,3150.0,3178.0,960300.0,3117.992431640625
2020-12-07,3217.0,3163.0,3215.0,3176.0,929100.0,3116.0302734375
2020-12-08,3166.0,3131.0,3139.0,3151.0,848100.0,3091.50244140625
2020-12-09,3166.0,3141.0,3147.0,3166.0,785200.0,3106.218994140625
2020-12-10,3206.0,3171.0,3194.0,3171.0,1133600.0,3111.124755859375
2020-12-11,3197.0,3166.0,3185.0,3193.0,1170600.0,3132.709228515625
2020-12-14,3238.0,3188.0,3194.0,3200.0,1111500.0,3139.5771484375
2020-12-15,3179.0,3138.0,3179.0,3145.0,964800.0,3085.61572265625
2020-12-16,3160.0,3112.0,3123.0,3140.0,784200.0,3080.7099609375
2020-12-17,3132.0,3080.0,3120.0,3080.0,937400.0,3021.843017578125
2020-12-18,3119.0,3084.0,3091.0,3119.0,1331900.0,3060.1064453125
2020-12-21,3194.0,3117.0,3159.0,3131.0,836700.0,3071.8798828125
2020-12-22,3129.0,3087.0,3090.0,3111.0,939100.0,3052.257568359375
2020-12-23,3096.0,3031.0,3077.0,3061.0,1021400.0,3003.20166015625
2020-12-24,3147.0,3110.0,3122.0,3126.0,763000.0,3066.974365234375
2020-12-25,3152.0,3128.0,3138.0,3141.0,424800.0,3081.691162109375
2020-12-28,3161.0,3126.0,3139.0,3159.0,499000.0,3099.351318359375
2020-12-29,3212.0,3173.0,3176.0,3203.0,720900.0,3142.5205078125
2020-12-30,3218.0,3177.0,3218.0,3177.0,795900.0,3117.011474609375
2021-01-04,3193.0,3132.0,3180.0,3167.0,864100.0,3107.2001953125
2021-01-05,3170.0,3132.0,3158.0,3156.0,958900.0,3096.407958984375
2021-01-06,3221.0,3145.0,3160.0,3205.0,992900.0,3144.482666015625
2021-01-07,3354.0,3286.0,3299.0,3310.0,1525900.0,3247.5
2021-01-08,3368.0,3301.0,3310.0,3355.0,1090100.0,3291.650390625
2021-01-12,3368.0,3313.0,3351.0,3328.0,1780400.0,3265.16015625
2021-01-13,3361.0,3306.0,3314.0,3353.0,958000.0,3289.688232421875
2021-01-14,3397.0,3331.0,3331.0,3378.0,1118500.0,3314.216064453125
2021-01-15,3394.0,3323.0,3371.0,3328.0,1080800.0,3265.16015625
2021-01-18,3309.0,3247.0,3290.0,3272.0,1199500.0,3210.217529296875
2021-01-19,3302.0,3254.0,3272.0,3256.0,990800.0,3194.519775390625
2021-01-20,3264.0,3179.0,3251.0,3213.0,1327100.0,3152.33154296875
2021-01-21,3245.0,3194.0,3205.0,3209.0,1299300.0,3148.4072265625
2021-01-22,3194.0,3159.0,3187.0,3165.0,1143800.0,3105.238037109375
2021-01-25,3195.0,3153.0,3181.0,3170.0,839500.0,3110.1435546875
2021-01-26,3148.0,3105.0,3130.0,3112.0,1211100.0,3053.23876953125
2021-01-27,3109.0,3060.0,3079.0,3061.0,1691200.0,3003.20166015625
2021-01-28,3103.0,3000.0,3001.0,3101.0,1635000.0,3042.446533203125
2021-01-29,3170.0,3113.0,3153.0,3132.0,2347700.0,3072.861083984375
2021-02-01,3165.0,3114.0,3114.0,3160.0,1139400.0,3100.332275390625
2021-02-02,3174.0,3126.0,3136.0,3165.0,1197500.0,3105.238037109375
2021-02-03,3263.0,3178.0,3192.0,3255.0,1355800.0,3193.53857421875
2021-02-04,3289.0,3246.0,3263.0,3278.0,950800.0,3216.104248046875
2021-02-05,3386.0,3301.0,3309.0,3362.0,1513800.0,3298.518310546875
2021-02-08,3508.0,3375.0,3377.0,3499.0,1714200.0,3432.931396484375
2021-02-09,3536.0,3439.0,3508.0,3463.0,990800.0,3397.611083984375
2021-02-10,3500.0,3431.0,3463.0,3455.0,880100.0,3389.76220703125
2021-02-12,3505.0,3451.0,3455.0,3505.0,983900.0,3438.818115234375
2021-02-15,3595.0,3511.0,3540.0,3536.0,1020500.0,3469.232666015625
2021-02-16,3665.0,3540.0,3549.0,3640.0,1596500.0,3571.26904296875
2021-02-17,3703.0,3592.0,3664.0,3596.0,1291400.0,3528.099853515625
2021-02-18,3640.0,3506.0,3596.0,3522.0,1488900.0,3455.4970703125
2021-02-19,3577.0,3516.0,3522.0,3522.0,855000.0,3455.4970703125
2021-02-22,3647.0,3578.0,3599.0,3613.0,1034700.0,3544.77880859375
2021-02-24,3676.0,3586.0,3655.0,3591.0,1472200.0,3523.194091796875
2021-02-25,3637.0,3583.0,3589.0,3614.0,1097700.0,3545.760009765625
2021-02-26,3607.0,3497.0,3575.0,3502.0,1393300.0,3435.874755859375
2021-03-01,3629.0,3511.0,3530.0,3618.0,1322100.0,3549.684326171875
2021-03-02,3644.0,3591.0,3635.0,3611.0,1136100.0,3542.816650390625
2021-03-03,3687.0,3608.0,3647.0,3687.0,1225000.0,3617.381591796875
2021-03-04,3757.0,3638.0,3757.0,3697.0,1349100.0,3627.192626953125
2021-03-05,3738.0,3658.0,3738.0,3685.0,1125200.0,3615.419189453125
2021-03-08,3791.0,3705.0,3741.0,3733.0,1180800.0,3662.512939453125
2021-03-09,3884.0,3798.0,3832.0,3843.0,1967000.0,3770.435791015625
2021-03-10,3838.0,3761.0,3775.0,3824.0,1456400.0,3751.794677734375
2021-03-11,3862.0,3804.0,3857.0,3814.0,1282500.0,3741.9833984375
2021-03-12,3818.0,3766.0,3807.0,3818.0,1506400.0,3745.907958984375
2021-03-15,3910.0,3847.0,3850.0,3894.0,1220800.0,3820.472900390625
2021-03-16,3933.0,3855.0,3855.0,3893.0,1417700.0,3819.49169921875
2021-03-17,3960.0,3881.0,3892.0,3944.0,1261800.0,3869.52880859375
2021-03-18,4054.0,3945.0,3947.0,4032.0,2008000.0,3955.8671875
2021-03-19,4162.0,4070.0,4100.0,4120.0,3079600.0,4042.20556640625
2021-03-22,4172.0,4088.0,4100.0,4145.0,1299700.0,4066.7333984375
2021-03-23,4127.0,3980.0,4111.0,3993.0,1922600.0,3917.603515625
2021-03-24,3937.0,3827.0,3900.0,3847.0,1728000.0,3774.3603515625
2021-03-25,3958.0,3863.0,3880.0,3946.0,1463900.0,3871.490966796875
2021-03-26,4044.0,3985.0,4016.0,4006.0,1419600.0,3930.358154296875
2021-03-29,4058.0,3925.0,4044.0,3972.0,1452100.0,3897.0
2021-03-30,3973.0,3859.0,3887.0,3969.0,1223000.0,3969.0
2021-03-31,3932.0,3849.0,3932.0,3859.0,1484500.0,3859.0
2021-04-01,3931.0,3793.0,3918.0,3821.0,1515100.0,3821.0
2021-04-02,3860.0,3760.0,3832.0,3793.0,908000.0,3793.0
2021-04-05,3865.0,3789.0,3806.0,3860.0,990800.0,3860.0
2021-04-06,3872.0,3716.0,3870.0,3769.0,1172900.0,3769.0
2021-04-07,3828.0,3775.0,3787.0,3808.0,1106300.0,3808.0
2021-04-08,3809.0,3728.0,3808.0,3755.0,1145900.0,3755.0
2021-04-09,3793.0,3733.0,3788.0,3748.0,1142900.0,3748.0
2021-04-12,3780.0,3729.0,3751.0,3745.0,723900.0,3745.0
2021-04-13,3789.0,3748.0,3748.0,3757.0,733900.0,3757.0
2021-04-14,3734.0,3657.0,3687.0,3726.0,952300.0,3726.0
2021-04-15,3812.0,3749.0,3786.0,3768.0,777000.0,3768.0
2021-04-16,3780.0,3713.0,3738.0,3776.0,994800.0,3776.0
2021-04-19,3770.0,3732.0,3759.0,3754.0,905800.0,3754.0
2021-04-20,3755.0,3689.0,3755.0,3706.0,1367900.0,3706.0
2021-04-21,3654.0,3605.0,3620.0,3650.0,1407100.0,3650.0
2021-04-22,3720.0,3664.0,3704.0,3686.0,960700.0,3686.0
2021-04-23,3705.0,3647.0,3666.0,3690.0,878300.0,3690.0
2021-04-26,3729.0,3675.0,3725.0,3692.0,932000.0,3692.0
2021-04-27,3757.0,3700.0,3719.0,3742.0,1088600.0,3742.0
2021-04-28,3810.0,3760.0,3793.0,3775.0,1135600.0,3775.0
2021-04-30,3828.0,3705.0,3828.0,3720.0,1690200.0,3720.0
2021-05-06,3883.0,3787.0,3800.0,3832.0,1628900.0,3832.0
2021-05-07,3865.0,3811.0,3834.0,3835.0,1424100.0,3835.0
2021-05-10,3859.0,3786.0,3795.0,3857.0,1277500.0,3857.0
2021-05-11,3847.0,3765.0,3844.0,3782.0,987900.0,3782.0
2021-05-12,3786.0,3724.0,3779.0,3769.0,922400.0,3769.0
2021-05-13,3945.0,3754.0,3754.0,3889.0,2370600.0,3889.0
2021-05-14,3893.0,3788.0,3835.0,3872.0,2168600.0,3872.0
2021-05-17,3951.0,3844.0,3904.0,3872.0,1365600.0,3872.0
2021-05-18,3962.0,3908.0,3920.0,3952.0,1415500.0,3952.0
2021-05-19,3960.0,3876.0,3893.0,3885.0,1376400.0,3885.0
2021-05-20,3898.0,3860.0,3880.0,3875.0,1238500.0,3875.0
2021-05-21,3872.0,3808.0,3825.0,3839.0,1158400.0,3839.0
2021-05-24,3939.0,3875.0,3875.0,3898.0,1120800.0,3898.0
2021-05-25,3894.0,3854.0,3870.0,3875.0,1055200.0,3875.0
2021-05-26,3846.0,3805.0,3805.0,3807.0,1387400.0,3807.0
2021-05-27,3818.0,3744.0,3763.0,3750.0,1788900.0,3750.0
2021-05-28,3865.0,3805.0,3820.0,3850.0,1261500.0,3850.0
2021-05-31,3831.0,3765.0,3817.0,3771.0,870300.0,3771.0
2021-06-01,3814.0,3772.0,3787.0,3814.0,802400.0,3814.0
2021-06-02,3878.0,3811.0,3840.0,3844.0,1114100.0,3844.0
2021-06-03,3880.0,3812.0,3846.0,3828.0,1068200.0,3828.0
2021-06-04,3802.0,3733.0,3794.0,3760.0,1668100.0,3760.0
2021-06-07,3773.0,3707.0,3766.0,3720.0,1753400.0,3720.0
2021-06-08,3746.0,3698.0,3718.0,3744.0,1423600.0,3744.0
2021-06-09,3740.0,3695.0,3737.0,3706.0,1204600.0,3706.0
2021-06-10,3700.0,3652.0,3682.0,3684.0,1220500.0,3684.0
2021-06-11,3770.0,3606.0,3628.0,3632.0,2099100.0,3632.0
2021-06-14,3640.0,3608.0,3625.0,3629.0,1163300.0,3629.0
2021-06-15,3680.0,3640.0,3645.0,3662.0,1219900.0,3662.0
2021-06-16,3683.0,3641.0,3654.0,3659.0,959200.0,3659.0
2021-06-17,3724.0,3596.0,3702.0,3596.0,1585700.0,3596.0
2021-06-18,3558.0,3510.0,3536.0,3533.0,2524900.0,3533.0
2021-06-21,3498.0,3460.0,3472.0,3481.0,1377500.0,3481.0
2021-06-22,3621.0,3555.0,3576.0,3610.0,1347600.0,3610.0
2021-06-29,3628.0,3589.0,3612.0,3597.0,1072200.0,3597.0
2021-06-30,3588.0,3526.0,3581.0,3528.0,1585000.0,3528.0
2021-07-01,3572.0,3531.0,3550.0,3548.0,821800.0,3548.0
2021-07-02,3599.0,3554.0,3557.0,3590.0,738500.0,3590.0
2021-07-05,3592.0,3560.0,3573.0,3578.0,671000.0,3578.0
2021-07-06,3637.0,3601.0,3619.0,3620.0,846400.0,3620.0
2021-07-07,3590.0,3545.0,3555.0,3553.0,1105000.0,3553.0
2021-07-08,3586.0,3510.0,3567.0,3510.0,1088600.0,3510.0
2021-07-09,3518.0,3431.0,3448.0,3506.0,1343700.0,3506.0
2021-07-12,3581.0,3546.0,3558.0,3558.0,931200.0,3558.0
2021-07-13,3610.0,3561.0,3583.0,3609.0,821700.0,3609.0
2021-07-14,3611.0,3569.0,3569.0,3593.0,1342400.0,3593.0
2021-07-15,3598.0,3547.0,3589.0,3556.0,720100.0,3556.0
2021-07-16,3592.0,3557.0,3568.0,3574.0,663500.0,3574.0
2021-07-19,3532.0,3505.0,3509.0,3521.0,592000.0,3521.0
2021-07-20,3492.0,3458.0,3475.0,3470.0,791800.0,3470.0
2021-07-21,3536.0,3480.0,3524.0,3480.0,803900.0,3480.0
2021-07-26,3534.0,3488.0,3512.0,3507.0,708500.0,3507.0
